region	resource	free	provider_name	provider_addloc	address	city	state	zip	lat	lon	contact	call_in_advance	email	instructions	web_link	status	mon	tues	wed	thr	fri	sat	sun	public	seniors	children	homeless	clients	uninsured	residents	quality_check_complete	last_update	updated_by	week_1	week_2	week_3	week_4	week_5
alameda,_contra_costa_county	Core Service Agency	1	Catholic Charities East Bay				CA	0			(510) 768-3100		""	""	https://www.cceb.org/		Monday - Friday, 9:00am - 5:00pm	Monday - Friday, 9:00am - 5:00pm	Monday - Friday, 9:00am - 5:00pm	Monday - Friday, 9:00am - 5:00pm	Monday - Friday, 9:00am - 5:00pm	Monday - Friday, 9:00am - 5:00pm	Monday - Friday, 9:00am - 5:00pm	0	0	0	0	0	0	0	0	2020-04-25T00:00:00Z		""	""	""	""	""
alameda_county	Core Service Agency	1	Fremont Family Resource Center				CA	0			(510) 574-2000		""	""	https://www.fremont.gov/228/Family-Resource-Center		Monday - Friday, 8:00am - 5:00pm	Monday - Friday, 8:00am - 5:00pm	Monday - Friday, 8:00am - 5:00pm	Monday - Friday, 8:00am - 5:00pm	Monday - Friday, 8:00am - 5:00pm	Monday - Friday, 8:00am - 5:00pm	Monday - Friday, 8:00am - 5:00pm	0	0	0	0	0	0	0	0	2020-04-25T00:00:00Z		""	""	""	""	""
bay_area	Core Service Agency	1	East Oakland DREAMer				CA	0			(661) 304-9243		""	""	https://docs.google.com/document/d/1Qg4IQzgW_1UQu6XUi4m1t2j5isJOQB6yrNtMS1TyaRU/edit		Call Number	Call Number	Call Number	Call Number	Call Number	Call Number	Call Number	0	0	0	0	0	0	0	0	2020-04-25T00:00:00Z		""	""	""	""	""
contra_costa_county	Core Service Agency	1	Boys & Girls Club of Contra Costa		4674 Appian Way, El Sobrante, CA 94803	El Sobrante	CA	0			(510) 223-5253		""	""			Online Only	Online Only	Online Only	Online Only	Online Only	Online Only	Online Only	0	0	0	0	0	0	0	0	2020-04-25T00:00:00Z	gh	""	""	""	""	""
san_mateo_county	Core Service Agency	1	Samaritan House				CA	0			(650) 347-3648		""	""	https://samaritanhousesanmateo.org/samaritan-house-service-update/		0	0	0	0	0	0	0	0	0	0	0	0	0	0	0	2020-04-25T00:00:00Z	gh	""	""	""	""	""
san_mateo_county	Core Service Agency	1	Samaritan House - South				CA	0			(650) 347-3648		""	""	https://samaritanhousesanmateo.org/samaritan-house-service-update/		0	0	0	0	0	0	0	0	0	0	0	0	0	0	0	2020-04-25T00:00:00Z	gh	""	""	""	""	""
san_francisco_county	Core Service Agency	1	Glide Memorial United Methodist Church		330 Ellis Street, San Francisco, CA	San Francisco	CA	0			(415) 674-6000		""	""	https://www.glide.org/covid19/		"Monday - Sunday, 
7:30 am (senior breakfast) and 8:00 am (general public breakfast), 12pm (lunch)
Monday - Friday, 4:00 pm (dinner)
Saturday, Sunday (baged dinner distributed at lunch)"	"Monday - Sunday, 
7:30 am (senior breakfast) and 8:00 am (general public breakfast), 12pm (lunch)
Monday - Friday, 4:00 pm (dinner)
Saturday, Sunday (baged dinner distributed at lunch)"	"Monday - Sunday, 
7:30 am (senior breakfast) and 8:00 am (general public breakfast), 12pm (lunch)
Monday - Friday, 4:00 pm (dinner)
Saturday, Sunday (baged dinner distributed at lunch)"	"Monday - Sunday, 
7:30 am (senior breakfast) and 8:00 am (general public breakfast), 12pm (lunch)
Monday - Friday, 4:00 pm (dinner)
Saturday, Sunday (baged dinner distributed at lunch)"	"Monday - Sunday, 
7:30 am (senior breakfast) and 8:00 am (general public breakfast), 12pm (lunch)
Monday - Friday, 4:00 pm (dinner)
Saturday, Sunday (baged dinner distributed at lunch)"	"Monday - Sunday, 
7:30 am (senior breakfast) and 8:00 am (general public breakfast), 12pm (lunch)
Monday - Friday, 4:00 pm (dinner)
Saturday, Sunday (baged dinner distributed at lunch)"	"Monday - Sunday, 
7:30 am (senior breakfast) and 8:00 am (general public breakfast), 12pm (lunch)
Monday - Friday, 4:00 pm (dinner)
Saturday, Sunday (baged dinner distributed at lunch)"	0	0	0	0	0	0	0	0	2020-04-25T00:00:00Z	gh	""	""	""	""	""
santa_clara_county	Core Service Agency	1	West Valley Community Services		10104 Vista Dr Cupertino, CA 95014		CA	0			4083666092(408) 255-8033		""	""	https://www.wvcommunityservices.org/covid19help		"Monday - Friday,
9:00 am - 5:00 pm (emergency funds),
10:00 am-12:00 pm and 2:00 - 4:00 pm (food pack pick-up)"	"Monday - Friday,
9:00 am - 5:00 pm (emergency funds),
10:00 am-12:00 pm and 2:00 - 4:00 pm (food pack pick-up)"	"Monday - Friday,
9:00 am - 5:00 pm (emergency funds),
10:00 am-12:00 pm and 2:00 - 4:00 pm (food pack pick-up)"	"Monday - Friday,
9:00 am - 5:00 pm (emergency funds),
10:00 am-12:00 pm and 2:00 - 4:00 pm (food pack pick-up)"	"Monday - Friday,
9:00 am - 5:00 pm (emergency funds),
10:00 am-12:00 pm and 2:00 - 4:00 pm (food pack pick-up)"	"Monday - Friday,
9:00 am - 5:00 pm (emergency funds),
10:00 am-12:00 pm and 2:00 - 4:00 pm (food pack pick-up)"	"Monday - Friday,
9:00 am - 5:00 pm (emergency funds),
10:00 am-12:00 pm and 2:00 - 4:00 pm (food pack pick-up)"	0	0	0	0	0	0	0	0	2020-04-25T00:00:00Z	gh	""	""	""	""	""
santa_clara_county	Core Service Agency	1	Community Services Agency of Mountain View, Los Altos, and Los Altos Hills		204 Stierlin Rd. Mountain View, CA 94043		CA	0			6509680836(650) 968-0936		""	""	https://www.csacares.org/services/food-nutrition-center/		"Tuesday, 2:00 pm - 4:00 pm, Thursday, 11:30 am  - 1:30 pm,
Friday, 1:30 pm - 3:30 pm (food), Monday - Friday, 9:00 am -12:00 pm and 1:30 pm - 4 pm (emergency relief)"	"Tuesday, 2:00 pm - 4:00 pm, Thursday, 11:30 am  - 1:30 pm,
Friday, 1:30 pm - 3:30 pm (food), Monday - Friday, 9:00 am -12:00 pm and 1:30 pm - 4 pm (emergency relief)"	"Tuesday, 2:00 pm - 4:00 pm, Thursday, 11:30 am  - 1:30 pm,
Friday, 1:30 pm - 3:30 pm (food), Monday - Friday, 9:00 am -12:00 pm and 1:30 pm - 4 pm (emergency relief)"	"Tuesday, 2:00 pm - 4:00 pm, Thursday, 11:30 am  - 1:30 pm,
Friday, 1:30 pm - 3:30 pm (food), Monday - Friday, 9:00 am -12:00 pm and 1:30 pm - 4 pm (emergency relief)"	"Tuesday, 2:00 pm - 4:00 pm, Thursday, 11:30 am  - 1:30 pm,
Friday, 1:30 pm - 3:30 pm (food), Monday - Friday, 9:00 am -12:00 pm and 1:30 pm - 4 pm (emergency relief)"	"Tuesday, 2:00 pm - 4:00 pm, Thursday, 11:30 am  - 1:30 pm,
Friday, 1:30 pm - 3:30 pm (food), Monday - Friday, 9:00 am -12:00 pm and 1:30 pm - 4 pm (emergency relief)"	"Tuesday, 2:00 pm - 4:00 pm, Thursday, 11:30 am  - 1:30 pm,
Friday, 1:30 pm - 3:30 pm (food), Monday - Friday, 9:00 am -12:00 pm and 1:30 pm - 4 pm (emergency relief)"	0	0	0	0	0	0	0	0	2020-04-25T00:00:00Z	gh	""	""	""	""	""
santa_clara_county	Core Service Agency	1	Sacred Heart Community Services		"1381 South First St.
San José, CA 95110"		CA	0			40827821604082782166(408) 278-2172		""	""	https://sacredheartcs.org/programs/		Monday - Thursday, 9:00 am - 4:00 pm	Monday - Thursday, 9:00 am - 4:00 pm	Monday - Thursday, 9:00 am - 4:00 pm	Monday - Thursday, 9:00 am - 4:00 pm	Monday - Thursday, 9:00 am - 4:00 pm	Monday - Thursday, 9:00 am - 4:00 pm	Monday - Thursday, 9:00 am - 4:00 pm	0	0	0	0	0	0	0	0			""	""	""	""	""
santa_clara_county	Core Service Agency	1	Social Services Agency				CA	0			(877) 962-3633		""	""	https://www.mybenefitscalwin.org/		Call Number	Call Number	Call Number	Call Number	Call Number	Call Number	Call Number	0	0	0	0	0	0	0	0			""	""	""	""	""
santa_cruz_county	Core Service Agency	1	St. Patrick's Church		721 Main St Watsonville, CA 95076		CA	0			(831) 724-1317		""	""	http://www.spatricks.org		0	0	0	0	0	0	0	0	0	0	0	0	0	0	0			""	""	""	""	""
santa_cruz_county	Core Service Agency	1	Watsonville Catholic Charities		217 E Lake Ave Watsonville, CA 95076		CA	0			(831) 722-2675		""	""			Call for details	Call for details	Call for details	Call for details	Call for details	Call for details	Call for details	0	0	0	0	0	0	0	0			""	""	""	""	""
santa_cruz_county	Core Service Agency	1	Salvation Army Watsonville		214 Union Street Watsonville, CA 95076		CA	0			(831) 724-3922		""	""	https://watsonville.salvationarmy.org/?_ga=2.186905448.173710564.1587403929-587512287.1587403929		0	0	0	0	0	0	0	0	0	0	0	0	0	0	0			""	""	""	""	""
contra_costa_county	Core Service Agency	1	Bay Area Rescue Mission		2114 Macdonald Avenue, Richmond, CA 94801	Richmond	CA	0			(510) 215-4873		""	""			0	0	0	0	0	0	0	0	0	0	0	0	0	0	0			""	""	""	""	""
santa_clara_county	Core Service Agency	1	Sunnyvale Community Services				CA	0					""	""	https://svcommunityservices.org/		Call Number	Call Number	Call Number	Call Number	Call Number	Call Number	Call Number	0	0	0	0	0	0	0	0			""	""	""	""	""
san_mateo_county	Domestic Violence	1	Community Overcoming Relationship Abuse				CA	0			(800) 300-1080		""	""	https://www.corasupport.org/covid19/		Toll free 24-hour hotline: (800) 300-1080	Toll free 24-hour hotline: (800) 300-1080	Toll free 24-hour hotline: (800) 300-1080	Toll free 24-hour hotline: (800) 300-1080	Toll free 24-hour hotline: (800) 300-1080	Toll free 24-hour hotline: (800) 300-1080	Toll free 24-hour hotline: (800) 300-1080	0	0	0	0	0	0	0	0			""	""	""	""	""
santa_cruz_county	Financial	1	Community Bridges	La Manzana	521 Main Street Watsonville, California 95076		CA	0			(831) 724-2997		""	""	https://communitybridges.org/lmcr/		Monday-Friday, 9-12, 1-4:30pm	Monday-Friday, 9-12, 1-4:30pm	Monday-Friday, 9-12, 1-4:30pm	Monday-Friday, 9-12, 1-4:30pm	Monday-Friday, 9-12, 1-4:30pm	Monday-Friday, 9-12, 1-4:30pm	Monday-Friday, 9-12, 1-4:30pm	0	0	0	0	0	0	0	0			""	""	""	""	""
santa_cruz_county	Financial	1	Community Bridges	Live Oak	1740 17th Ave, Santa Cruz, CA 95062	Santa Cruz	CA	0			(831) 476-7284		""	""	https://communitybridges.org/covid19/		Monday-Thursday, 9-12, 1-5pm	Monday-Thursday, 9-12, 1-5pm	Monday-Thursday, 9-12, 1-5pm	Monday-Thursday, 9-12, 1-5pm	Monday-Thursday, 9-12, 1-5pm	Monday-Thursday, 9-12, 1-5pm	Monday-Thursday, 9-12, 1-5pm	0	0	0	0	0	0	0	0			""	""	""	""	""
santa_cruz_county	Financial	1	Community Bridges	Mountain	6134 Hwy 9, Felton, CA 95018	Felton	CA	0			(831) 335-6600		""	""	https://communitybridges.org/covid19/		Monday-Thursday, 9-12, 1-4pm	Monday-Thursday, 9-12, 1-4pm	Monday-Thursday, 9-12, 1-4pm	Monday-Thursday, 9-12, 1-4pm	Monday-Thursday, 9-12, 1-4pm	Monday-Thursday, 9-12, 1-4pm	Monday-Thursday, 9-12, 1-4pm	0	0	0	0	0	0	0	0			""	""	""	""	""
santa_cruz_county	Financial	1	Community Bridges	Nueva Vista	711 E Cliff Dr, Santa Cruz, CA 95060	Santa Cruz	CA	0			(831) 423-5747		""	""	https://communitybridges.org/covid19/		Monday-Friday, 9-1pm, 2-5:30pm	Monday-Friday, 9-1pm, 2-5:30pm	Monday-Friday, 9-1pm, 2-5:30pm	Monday-Friday, 9-1pm, 2-5:30pm	Monday-Friday, 9-1pm, 2-5:30pm	Monday-Friday, 9-1pm, 2-5:30pm	Monday-Friday, 9-1pm, 2-5:30pm	0	0	0	0	0	0	0	0			""	""	""	""	""
santa_cruz_county	Financial	1	Catholic Charities Diocese				CA	0			(831) 722-2675		""	""	https://catholiccharitiesdom.org/family-supportive-services/		0	0	0	0	0	0	0	0	0	0	0	0	0	0	0			""	""	""	""	""
santa_cruz_county	Financial	1	Community Action Board		406 Main St Ste. 207 Watsonville, CA 95076		CA	0			8317632147210(831) 457-1741		""	""			0	0	0	0	0	0	0	0	0	0	0	0	0	0	0			""	""	""	""	""
santa_cruz_county	Financial	1	San Augustin Church		257 Glenwood Dr., Scotts Valley		CA	0			(831) 423-0878		""	""			Wednesdays, 12pm-2pm	Wednesdays, 12pm-2pm	Wednesdays, 12pm-2pm	Wednesdays, 12pm-2pm	Wednesdays, 12pm-2pm	Wednesdays, 12pm-2pm	Wednesdays, 12pm-2pm	0	0	0	0	0	0	0	0			""	""	""	""	""
alameda_county	Groceries	1	Alameda Food Bank		650 West Ranger Avenue, Alameda, CA, 94501	Alameda, CA	CA	0			(510) 523-5850	No	""	""	http://www.alamedafoodbank.org/	Open	12:00 PM - 5:00 PM	0	12:00 PM - 5:00 PM	0	12:00 PM - 5:00 PM	0	0	0	0	0	0	0	0	0	0	2020-04-30T00:00:00Z	CH	""	""	""	""	""
alameda_county	Groceries	1	Alameda County Community Food Bank	College of Alameda	555 Ralph Appezzato Mem. Pkwy, Alameda, CA, 94501	Alameda, CA	CA	0			(510) 635-3663	Yes	""	""	https://alameda.peralta.edu/alameda-county-community-food-bank/	Open	2nd Tuesday: 12:00 pm - 2:30 pm; 4th Tuesday: 12:00 pm - 2:30 pm	2nd Tuesday: 12:00 pm - 2:30 pm; 4th Tuesday: 12:00 pm - 2:30 pm	2nd Tuesday: 12:00 pm - 2:30 pm; 4th Tuesday: 12:00 pm - 2:30 pm	2nd Tuesday: 12:00 pm - 2:30 pm; 4th Tuesday: 12:00 pm - 2:30 pm	2nd Tuesday: 12:00 pm - 2:30 pm; 4th Tuesday: 12:00 pm - 2:30 pm	2nd Tuesday: 12:00 pm - 2:30 pm; 4th Tuesday: 12:00 pm - 2:30 pm	2nd Tuesday: 12:00 pm - 2:30 pm; 4th Tuesday: 12:00 pm - 2:30 pm	0	0	0	0	0	0	0	0	2020-04-30T00:00:00Z	CH	""	""	""	""	""
alameda_county	Groceries	1	Project Outreach Inc.		1628 Seminary Ave Oakland CA 94605		CA	0				No	""	""		Closed	0	0	0	10:30 AM -11:30 AM	0	0	0	0	0	0	0	0	0	0	0	2020-04-30T00:00:00Z	CH	""	""	""	""	""
alameda_county	Groceries	1	Berkeley Food Network		615 El Camino Real, Greenfield, CA	Greenfield	CA	0			(510) 616-5383	No	""	""	https://berkeleyfoodnetwork.org/	Closed	10:00 AM - 2:00 PM; MONDAY, WEDNESDAY	10:00 AM - 2:00 PM; MONDAY, WEDNESDAY	10:00 AM - 2:00 PM; MONDAY, WEDNESDAY	10:00 AM - 2:00 PM; MONDAY, WEDNESDAY	0	0	0	0	0	0	0	0	0	0	0	2020-04-30T00:00:00Z	CH	""	""	""	""	""
alameda_county	Groceries	1	Faith Lutheran Church		20080 Redwood Road, Castro Valley, CA 94546	Castro Valley	CA	0			(510) 582-0818	No	""	""	https://www.flccv.org/?q=content/food-pantry	Closed	0	0	0	7:00 PM - 8:00 PM	0	0	0	0	0	0	0	0	0	0	0	2020-04-26T00:00:00Z	SA	""	""	""	""	""
alameda_county	Groceries	1	Tri-City Volunteers		37350 Joseph St, Fremont, CA 94536	Fremont	CA	0			(510) 793-4583	No	""	""	https://www.tri-cityvolunteers.org/services/	Open	9:30 AM - 2:30 PM	9:30 AM - 2:30 PM	9:30 AM - 2:30 PM	9:30 AM - 2:30 PM	0	0	0	0	0	0	0	0	0	0	0	2020-04-27T00:00:00Z	SA	""	""	""	""	""
alameda_county	Groceries	1	Telegraph Community Center		5316 Telegraph Ave, Oakland, CA 94609	Oakland	CA	0			(510) 961-4385	No	""	""	http://www.telegraphcenter.com/food-pantry/	Open	0	0	6:00 PM - 7:30 PM	0	10:00 AM - 2:00 PM;	0	0	0	0	0	0	0	0	0	0	2020-04-26T00:00:00Z	SA	""	""	""	""	""
alameda_county	Groceries	1	Hope 4 the Heart		22035 Meekland Ave, Hayward, CA 94544	Hayward	CA	0				No	""	""	https://www.facebook.com/hope4theheart/	Open	0	12:30 PM	12:30 PM	12:30 PM	0	0	0	0	0	0	0	0	0	0	0	2020-04-27T00:00:00Z	SA	""	""	""	""	""
alameda_county	Groceries	1	Ashland Village Mobile Pantry		1300 Kentwood Lane, San Leandro, CA 94578	San Leandro	CA	0				No	""	""	http://foodnow.net/location/ashland-village-mobile-pantry/	Closed	"3rd Tuesday:
2:00 pm - 4:00 pm"	"3rd Tuesday:
2:00 pm - 4:00 pm"	"3rd Tuesday:
2:00 pm - 4:00 pm"	"3rd Tuesday:
2:00 pm - 4:00 pm"	"3rd Tuesday:
2:00 pm - 4:00 pm"	"3rd Tuesday:
2:00 pm - 4:00 pm"	"3rd Tuesday:
2:00 pm - 4:00 pm"	0	0	0	0	0	0	0	0	2020-04-27T00:00:00Z	SA	""	""	""	""	""
alameda_county	Groceries	1	Salvation Army	Hayward Corps	430 A St, Hayward, CA 94541	Hayward	CA	0			(510) 581-6444	No	""	""	https://www.facebook.com/haywardcorps/services/?ref=page_internal	Open	"Tuesday - Thursday: 10:00 am - 4:00 pm;
3rd Wednesday: 12:00 pm - 2:00 pm"	"Tuesday - Thursday: 10:00 am - 4:00 pm;
3rd Wednesday: 12:00 pm - 2:00 pm"	"Tuesday - Thursday: 10:00 am - 4:00 pm;
3rd Wednesday: 12:00 pm - 2:00 pm"	"Tuesday - Thursday: 10:00 am - 4:00 pm;
3rd Wednesday: 12:00 pm - 2:00 pm"	"Tuesday - Thursday: 10:00 am - 4:00 pm;
3rd Wednesday: 12:00 pm - 2:00 pm"	"Tuesday - Thursday: 10:00 am - 4:00 pm;
3rd Wednesday: 12:00 pm - 2:00 pm"	"Tuesday - Thursday: 10:00 am - 4:00 pm;
3rd Wednesday: 12:00 pm - 2:00 pm"	0	0	0	0	0	0	0	0	2020-04-27T00:00:00Z	SA	""	""	""	""	""
alameda_county	Meal	1	Salvation Army	Hayward Corps	430 A St, Hayward, CA 94541	Hayward	CA	0			(510) 581-6444	No	""	""	https://www.facebook.com/haywardcorps/services/?ref=page_internal	Open	12:30 PM - 2:00 PM; SUNDAY	12:30 PM - 2:00 PM; SUNDAY	12:30 PM - 2:00 PM; SUNDAY	12:30 PM - 2:00 PM; SUNDAY	12:30 PM - 2:00 PM; SUNDAY	0	0	0	0	0	0	0	0	0	0	2020-04-27T00:00:00Z	SA	""	""	""	""	""
alameda_county	Groceries	1	Salvation Army	Oakland Garden Center Corps	2794 Garden St Oakland, CA 94601		CA	0			(510) 383-9300	No	""	""	https://oaklandgarden.salvationarmy.org/oakland_garden/cure-hunger/	Open	11:00 AM - 1:00 PM	0	11:00 AM - 1:00 PM	0	11:00 AM - 1:00 PM	0	0	0	0	0	0	0	0	0	0	2020-04-25T00:00:00Z		""	""	""	""	""
alameda_county	Groceries	1	Salvation Army	Tri-City Corps	36700 Newark Blvd Newark, CA		CA	0			510(793) 631-9203	Yes	""	""	https://www.facebook.com/Tsatricities/services/?ref=page_internal	Open	9:00 AM - 11:00 AM; 3RD FRIDAY	0	9:00 AM - 11:00 AM; 3RD FRIDAY	0	9:00 AM - 11:00 AM; 3RD FRIDAY	0	0	0	0	0	0	0	0	0	0	2020-04-30T00:00:00Z	CH	""	""	""	""	""
alameda_county	Meal	1	Salvation Army	Tri-City Corps	36700 Newark Blvd Newark, CA		CA	0			510(793) 631-9203	No	""	""	https://www.facebook.com/Tsatricities/services/?ref=page_internal	Open	0	0	12:00 PM - 1:00 PM	0	0	0	0	0	0	0	0	0	0	0	0	2020-04-30T00:00:00Z	CH	""	""	""	""	""
san_mateo_county	Groceries	1	Ecumenical Hunger Program		2411 Pulgas Ave, East Palo Alto, CA 94303	East Palo Alto	CA	0			(650) 323-7781	No	""	""	https://www.ehpcares.org/	Open	"Tuesday - Thursday: 
10:00 am - 12:00 pm, 2:30 pm - 4:30 pm"	"Tuesday - Thursday: 
10:00 am - 12:00 pm, 2:30 pm - 4:30 pm"	"Tuesday - Thursday: 
10:00 am - 12:00 pm, 2:30 pm - 4:30 pm"	"Tuesday - Thursday: 
10:00 am - 12:00 pm, 2:30 pm - 4:30 pm"	"Tuesday - Thursday: 
10:00 am - 12:00 pm, 2:30 pm - 4:30 pm"	"Tuesday - Thursday: 
10:00 am - 12:00 pm, 2:30 pm - 4:30 pm"	"Tuesday - Thursday: 
10:00 am - 12:00 pm, 2:30 pm - 4:30 pm"	0	0	0	0	0	0	0	0	2020-04-30T00:00:00Z	CH	""	""	""	""	""
san_mateo_county	Groceries	1	WeHOPE	Samaritan House South	1852 Bay Road, East Palo Alto, CA 94303	East Palo Alto	CA	0			(650) 779-4635	No	""	""	https://www.wehope.org/programs/family-harvest	Open	0	12:00 PM - 2:00 PM	0	0	0	0	0	0	0	0	0	0	0	0	0	2020-04-28T00:00:00Z	SA	""	""	""	""	""
san_mateo_county	Groceries	1	Nuestra Casa	1842 W. Bayshore Rd, East Palo Alto	1842 W. Bayshore Rd, East Palo Alto, CA 94303	East Palo Alto	CA	0			(650) 330-7411	No	""	""	https://www.nuestracasa.org/s/03262020_Food_English.pdf	Open	1st Saturday: 1:00 pm; 3rd Saturday, 1:00 pm	1st Saturday: 1:00 pm; 3rd Saturday, 1:00 pm	1st Saturday: 1:00 pm; 3rd Saturday, 1:00 pm	1st Saturday: 1:00 pm; 3rd Saturday, 1:00 pm	1st Saturday: 1:00 pm; 3rd Saturday, 1:00 pm	1st Saturday: 1:00 pm; 3rd Saturday, 1:00 pm	1st Saturday: 1:00 pm; 3rd Saturday, 1:00 pm	0	0	0	0	0	0	0	0	2020-04-29T00:00:00Z	SA	""	""	""	""	""
san_mateo_county	Groceries	1	Nuestra Casa	4 Newell Ct, East Palo Alto, CA 94303	4 Newell Ct, East Palo Alto, CA 94303	East Palo Alto	CA	0			(650) 330-7411	No	""	""	https://www.nuestracasa.org/s/03262020_Food_English.pdf	Open	1st Saturday: 1:00 pm; 3rd Saturday, 1:00 pm	1st Saturday: 1:00 pm; 3rd Saturday, 1:00 pm	1st Saturday: 1:00 pm; 3rd Saturday, 1:00 pm	1st Saturday: 1:00 pm; 3rd Saturday, 1:00 pm	1st Saturday: 1:00 pm; 3rd Saturday, 1:00 pm	1st Saturday: 1:00 pm; 3rd Saturday, 1:00 pm	1st Saturday: 1:00 pm; 3rd Saturday, 1:00 pm	0	0	0	0	0	0	0	0	2020-04-29T00:00:00Z	SA	""	""	""	""	""
san_mateo_county	Groceries	1	Nuestra Casa	1991 Manhattan Ave, East Palo Alto	1991 Manhattan Ave, East Palo Alto, CA 94303	East Palo Alto	CA	0			(650) 330-7411	No	""	""	https://www.nuestracasa.org/s/03262020_Food_English.pdf	Open	2nd Saturday: 1:00 pm; 4th Saturday, 1:00 pm	2nd Saturday: 1:00 pm; 4th Saturday, 1:00 pm	2nd Saturday: 1:00 pm; 4th Saturday, 1:00 pm	2nd Saturday: 1:00 pm; 4th Saturday, 1:00 pm	2nd Saturday: 1:00 pm; 4th Saturday, 1:00 pm	2nd Saturday: 1:00 pm; 4th Saturday, 1:00 pm	2nd Saturday: 1:00 pm; 4th Saturday, 1:00 pm	0	0	0	0	0	0	0	0	2020-04-29T00:00:00Z	SA	""	""	""	""	""
san_mateo_county	Groceries	1	Nuestra Casa	445 East Okeefe St, East Palo Alto	445 East Okeefe St, East Palo Alto, CA 94303	East Palo Alto	CA	0			(650) 330-7411	No	""	""	https://www.nuestracasa.org/s/03262020_Food_English.pdf	Open	2nd Saturday: 1:00 pm; 4th Saturday, 1:00 pm	2nd Saturday: 1:00 pm; 4th Saturday, 1:00 pm	2nd Saturday: 1:00 pm; 4th Saturday, 1:00 pm	2nd Saturday: 1:00 pm; 4th Saturday, 1:00 pm	2nd Saturday: 1:00 pm; 4th Saturday, 1:00 pm	2nd Saturday: 1:00 pm; 4th Saturday, 1:00 pm	2nd Saturday: 1:00 pm; 4th Saturday, 1:00 pm	0	0	0	0	0	0	0	0	2020-04-29T00:00:00Z	SA	""	""	""	""	""
san_mateo_county	Groceries	1	Nuestra Casa	1928 Cooley Ave, East Palo Alto	1928 Cooley Ave, East Palo Alto, CA 94303	East Palo Alto	CA	0			(650) 330-7411	No	""	""	https://www.nuestracasa.org/s/03262020_Food_English.pdf	Open	2nd Saturday: 1:00 pm; 4th Saturday, 1:00 pm	2nd Saturday: 1:00 pm; 4th Saturday, 1:00 pm	2nd Saturday: 1:00 pm; 4th Saturday, 1:00 pm	2nd Saturday: 1:00 pm; 4th Saturday, 1:00 pm	2nd Saturday: 1:00 pm; 4th Saturday, 1:00 pm	2nd Saturday: 1:00 pm; 4th Saturday, 1:00 pm	2nd Saturday: 1:00 pm; 4th Saturday, 1:00 pm	0	0	0	0	0	0	0	0	2020-04-29T00:00:00Z	SA	""	""	""	""	""
san_mateo_county	Groceries	1	Nuestra Casa	Light Tree Apartents	1805 E Bayshore Road #100, East Palo Alto, CA 94303	East Palo Alto	CA	0			(650) 330-7411	No	""	""	https://www.nuestracasa.org/s/03262020_Food_English.pdf	Open	1st Wednesday: 2:00 pm - 5:00 pm; 3rd Wednesday, 2:00 pm - 5:00 pm	1st Wednesday: 2:00 pm - 5:00 pm; 3rd Wednesday, 2:00 pm - 5:00 pm	1st Wednesday: 2:00 pm - 5:00 pm; 3rd Wednesday, 2:00 pm - 5:00 pm	1st Wednesday: 2:00 pm - 5:00 pm; 3rd Wednesday, 2:00 pm - 5:00 pm	1st Wednesday: 2:00 pm - 5:00 pm; 3rd Wednesday, 2:00 pm - 5:00 pm	1st Wednesday: 2:00 pm - 5:00 pm; 3rd Wednesday, 2:00 pm - 5:00 pm	1st Wednesday: 2:00 pm - 5:00 pm; 3rd Wednesday, 2:00 pm - 5:00 pm	0	0	0	0	0	0	0	0	2020-04-29T00:00:00Z	SA	""	""	""	""	""
san_mateo_county	Groceries	1	Nuestra Casa	Polly Ana Apartments	770 9th Avenue, Redwood City, CA 94063	Redwood City	CA	0			(650) 330-7411	No	""	""	https://www.nuestracasa.org/s/03262020_Food_English.pdf	Open	2nd Wednesday: 2:30 pm - 5:30 pm; 4th Wednesday, 2:30 pm - 5:30 pm	2nd Wednesday: 2:30 pm - 5:30 pm; 4th Wednesday, 2:30 pm - 5:30 pm	2nd Wednesday: 2:30 pm - 5:30 pm; 4th Wednesday, 2:30 pm - 5:30 pm	2nd Wednesday: 2:30 pm - 5:30 pm; 4th Wednesday, 2:30 pm - 5:30 pm	2nd Wednesday: 2:30 pm - 5:30 pm; 4th Wednesday, 2:30 pm - 5:30 pm	2nd Wednesday: 2:30 pm - 5:30 pm; 4th Wednesday, 2:30 pm - 5:30 pm	2nd Wednesday: 2:30 pm - 5:30 pm; 4th Wednesday, 2:30 pm - 5:30 pm	0	0	0	0	0	0	0	0	2020-04-29T00:00:00Z	SA	""	""	""	""	""
san_mateo_county	Groceries	1	Boys and Girls Club	Peninsula	2031 Pulgas Ave, East Palo Alto		CA	0			(650) 646-6122	No	""	""	https://www.bgcp.org/covid19	Open	0	0	0	0	6:00 PM - 7:00 PM	0	0	0	0	0	0	0	0	0	0	2020-04-30T00:00:00Z	CH	""	""	""	""	""
san_mateo_county	Groceries	1	Boys and Girls Club	Central Community School	1109 Hilton St Redwood City		CA	0			(650) 646-6124	No	""	""	https://www.bgcp.org/covid19	Open	0	0	6:00 - 7:00 PM	0	0	0	0	0	0	0	0	0	0	0	0	2020-04-30T00:00:00Z	CH	""	""	""	""	""
san_francisco_county	Groceries	1	SF Marin Food Bank	Bayview Opera House	4705 Third St, San Francisco, 94124	San Francisco	CA	0			(415) 241-6565	No	""	""	https://www.sfmfoodbank.org/find-food/	Open	9:00 AM - 1:00 PM	0	0	0	0	0	0	0	0	0	0	0	0	0	0	2020-04-30T00:00:00Z	CH	""	""	""	""	""
san_francisco_county	Groceries	1	SF Marin Food Bank	MLK Middle School	350 Girard Street, San Francisco, 94134	San Francisco	CA	0			(415) 241-6565	No	""	""	https://www.sfmfoodbank.org/find-food/	Open	9:00 AM - 1:00 PM	0	0	0	0	0	0	0	0	0	0	0	0	0	0	2020-04-30T00:00:00Z	CH	""	""	""	""	""
	Groceries	1	SF Marin Food Bank	SF Ballet	333 Fulton Street, San Francisco, 94102	San Francisco	CA	0				No	""	""		Open	9:00 AM - 1:00 PM	0	0	0	0	0	0	0	0	0	0	0	0	0	0	2020-04-30T00:00:00Z	CH	""	""	""	""	""
san_francisco_county	Groceries	1	SF Marin Food Bank	Cesar Chavez Elementary School	825 Shotwell St, San Francisco, 94110	San Francisco	CA	0			(415) 241-6565	No	""	""	https://www.sfmfoodbank.org/find-food/	Open	0	9:00 AM - 1:00 PM	0	0	0	0	0	0	0	0	0	0	0	0	0	2020-04-30T00:00:00Z	CH	""	""	""	""	""
	Groceries	1	SF Marin Food Bank	Stonestown YMCA	333 Eucalyptus Drive, San Francisco, 94132	San Francisco	CA	0				No	""	""		Open	0	0	12:00 PM - 4:00 PM	0	0	0	0	0	0	0	0	0	0	0	0	2020-04-30T00:00:00Z	CH	""	""	""	""	""
	Groceries	1	SF Marin Food Bank	Cow Palace	2600 Geneva, Daly City, 94014	Daly City	CA	0				No	""	""		Open	0	0	0	0	9:00 AM - 1:00 PM	0	0	0	0	0	0	0	0	0	0	2020-04-30T00:00:00Z	CH	""	""	""	""	""
	Groceries	1	SF Marin Food Bank	Minnie and Lovie Ward Rec Center	650 Capitol Ave, San Francisco, 94112	San Francisco	CA	0				No	""	""		Open	0	0	0	0	0	9:00 AM - 1:00 PM	0	0	0	0	0	0	0	0	0	2020-04-30T00:00:00Z	CH	""	""	""	""	""
san_francisco_county	Groceries	1	SF Marin Food Bank	James Denman Middle School	241 Oneida St, San Francisco, 94112	San Francisco	CA	0			(415) 241-6565	No	""	""	https://www.sfmfoodbank.org/find-food/	Open	0	0	9:00 AM - 1:00 PM	0	0	0	0	0	0	0	0	0	0	0	0	2020-04-30T00:00:00Z	CH	""	""	""	""	""
san_francisco_county	Groceries	1	SF Marin Food Bank	Rosa Park Elementary School	2 Hollis St, San Francisco, 94115	San Francisco	CA	0			(415) 241-6565	No	""	""	https://www.sfmfoodbank.org/find-food/	Open	0	0	9:00 AM - 1:00 PM	0	0	0	0	0	0	0	0	0	0	0	0	2020-04-30T00:00:00Z	CH	""	""	""	""	""
san_francisco_county	Groceries	1	SF Marin Food Bank	Francisco Middle School	2190 Powell St, San Francisco, 94133	San Francisco	CA	0			(415) 241-6565	No	""	""	https://www.sfmfoodbank.org/find-food/	Open	0	0	0	9:00 AM - 1:00 PM	0	0	0	0	0	0	0	0	0	0	0	2020-04-30T00:00:00Z	CH	""	""	""	""	""
san_francisco_county	Groceries	1	SF Marin Food Bank	Mission High School	3750 18th St, San Francisco, 94114	San Francisco	CA	0			(415) 241-6565	No	""	""	https://www.sfmfoodbank.org/find-food/	Open	0	9:00 AM - 1:00 PM	0	0	0	0	0	0	0	0	0	0	0	0	0	2020-04-30T00:00:00Z	CH	""	""	""	""	""
san_francisco_county	Groceries	1	SF Marin Food Bank	Bessie Carmichael Elementary	375 7th St, San Francisco, 94103	San Francisco	CA	0			(415) 241-6565	No	""	""	https://www.sfmfoodbank.org/find-food/	Open	0	0	0	9:00 AM - 1:00 PM	0	0	0	0	0	0	0	0	0	0	0	2020-04-30T00:00:00Z	CH	""	""	""	""	""
san_francisco_county	Groceries	1	SF Marin Food Bank	Cornerstone Church	6190 3rd Street, San Francisco, 94124	San Francisco	CA	0			(415) 241-6565	No	""	""	https://www.sfmfoodbank.org/find-food/	Open	0	0	0	12:00 PM - 4:00 PM	0	0	0	0	0	0	0	0	0	0	0	2020-04-30T00:00:00Z	CH	""	""	""	""	""
san_francisco_county	Groceries	1	SF Marin Food Bank	Lincoln High School	2162 24th Ave, San Francisco		CA	0			(415) 241-6565	No	""	""	https://www.sfmfoodbank.org/find-food/	Open	0	0	0	0	9:00 AM - 1:00 PM	0	0	0	0	0	0	0	0	0	0	2020-04-30T00:00:00Z	CH	""	""	""	""	""
marin_county	Groceries	1	SF Marin Food Bank	Bayside MLK	200 Phillips Drive, Marin City, 94965	Marin City	CA	0			(415) 241-6565	No	""	""	https://www.sfmfoodbank.org/find-food/	Open	0	0	10:30 AM - 12:30 PM	0	0	0	0	0	0	0	0	0	0	0	0	2020-04-30T00:00:00Z	CH	""	""	""	""	""
marin_county	Groceries	1	SF Marin Food Bank	Marin Child Care Council	555 Northgate Drive Suite 105, San Rafael, 94903	San Rafael	CA	0				No	""	""		Open	0	10:00 AM  - 12:00 PM	0	0	0	0	0	0	0	0	0	0	0	0	0	2020-04-30T00:00:00Z	CH	""	""	""	""	""
marin_county	Groceries	1	SF Marin Food Bank	San Geronimo Valley Community Center	1 Lagunitas School Rd, San Geronimo, 94963	San Geronimo	CA	0			(415) 282-1900	No	""	""	https://www.sfmfoodbank.org/find-food/	Open	0	0	0	12:00 PM - 2:00 PM	0	0	0	0	0	0	0	0	0	0	0	2020-04-30T00:00:00Z	CH	""	""	""	""	""
marin_county	Groceries	1	SF Marin Food Bank	Kerner Drive-through Pantry	2550 Kerner Blvd, San Rafael, 94901	San Rafael	CA	0			(415) 282-1900	No	""	""	https://www.sfmfoodbank.org/find-food/	Open	0	0	0	0	0	10:00 AM - 2:00 PM	0	0	0	0	0	0	0	0	0	2020-04-30T00:00:00Z	CH	""	""	""	""	""
san_francisco_county	Groceries	1	Salvation Army	Asian American Yerba Buena	360 4th Street San Francisco, CA		CA	0			(415) 777-2677	No	""	""	https://goldenstate.salvationarmy.org/golden_state_division/golden-state-coronavirus-updates?_ga=2.9432949.1146188221.1586297863-1400207253.1586297863	Closed	0	0	0	0	8:00 AM -10:00 AM	0	0	0	0	0	0	0	0	0	0			""	""	""	""	""
san_francisco_county	Groceries	1	Salvation Army	Chinatown Court	1450 Powell Street San Francisco, CA		CA	0			(415) 781-7360	No	""	""	https://goldenstate.salvationarmy.org/golden_state_division/golden-state-coronavirus-updates?_ga=2.47547367.1146188221.1586297863-1400207253.1586297863	Closed	0	0	0	0	8:00 AM -10:00 AM	0	0	0	0	0	0	0	0	0	0			""	""	""	""	""
san_francisco_county	Groceries	1	Richmond District Neighborhood Center		741 30th Avenue, San Francisco, CA	San Francisco	CA	0			(408) 266-8950	No	""	""	https://richmondsf.org/feeding-the-richmond-district-covid-19/	Open	4:00 PM - 5:00 PM;	4:30 PM - 5:30 PM; 	0	2:30 PM - 4:00 PM	0	0	0	0	0	0	0	0	0	0	0			""	""	""	""	""
santa_clara_county	Groceries	1	African American Community Service Agency		"304 N. 6th St.
San Jose, CA - 95112"		CA	0			(408) 292-3157	No	""	""	http://www.sjaacsa.org	Closed	0	0	0	0	12:00 PM -2:00 PM	0	0	0	0	0	0	0	0	0	0			""	""	""	""	""
santa_clara_county	Groceries	1	The Lord's Pantry		121 South White, San Jose, CA 95127	San Jose	CA	0			(408) 258-7563	Yes	""	""	https://www.lordspantrygdlcsj.com/	Open	9:00 AM - 3:00 PM;	9:00 AM - 3:00 PM;	12:30 PM - 3:00 PM	9:00 AM - 3:00 PM;	9:00 AM - 3:00 PM;	0	0	0	0	0	0	0	0	0	0			""	""	""	""	""
santa_clara_county	Groceries	1	Friendship Church of God in Christ		"1654 E. San Antonio Street
San Jose, CA - 95116"		CA	0			(408) 258-5445	No	""	""	https://www.shfb.org/docs/getfood/foodresources_eastsj.pdf	Closed	0	8:00 AM - 4:00 PM	0	0	0	0	0	0	0	0	0	0	0	0	0			""	""	""	""	""
santa_clara_county	Groceries	1	Santa Maria Urban Ministry		South Almaden Avenue, San Jose, CA 95110	San Jose	CA	0			(408) 292-3314	No	""	""	https://www.santamariasj.org/	Open	9:00 AM -11:45 AM; 1ST SATURDAY	9:00 AM -11:45 AM; 1ST SATURDAY	9:00 AM -11:45 AM; 1ST SATURDAY	9:00 AM -11:45 AM; 1ST SATURDAY	9:00 AM -11:45 AM; 1ST SATURDAY	0	0	0	0	0	0	0	0	0	0			""	""	""	""	""
santa_clara_county	Groceries	1	Our Lady of Refuge San Jose Parish		2165 Lucretia Avenue, San Jose, CA 95122	San Jose	CA	0			(408) 715-2278	No	""	""	https://www.ourladyofrefugesj.org/	Open	0		0	0	0	0	0	0	0	0	0	0	0	0	0			""	""	""	""	""
santa_cruz_county	Groceries	1	Second Harvest Food Bank	Santa Cruz Hotline			CA	0			(831) 662-0991	No	""	""	https://www.thefoodbank.org/find-foodcomida/nutrition-programs/passion-for-produce/	Open	Call Number	Call Number	Call Number	Call Number	Call Number	Call Number	Call Number	0	0	0	0	0	0	0	0			""	""	""	""	""
monterey_county	Groceries	1	Second Harvest Food Bank	Monterey Hotline			CA	0			(831) 758-1523	No	""	""	https://www.thefoodbank.org/find-foodcomida/nutrition-programs/food-for-children/	Open	Call Number	Call Number	Call Number	Call Number	Call Number	Call Number	Call Number	0	0	0	0	0	0	0	0			""	""	""	""	""
san_benito_county_county	Groceries	1	Second Harvest Food Bank	San Benito Hotline			CA	0			(831) 637-0340	No	""	""	https://www.thefoodbank.org/food-distribution-nutrition-education-locations-times/	Open	Call Number	Call Number	Call Number	Call Number	Call Number	Call Number	Call Number	0	0	0	0	0	0	0	0	2020-04-26T00:00:00Z	AZ	""	""	""	""	""
santa_cruz_county	Core Service Agency	1	Community Bridges La Manzana		4371, 521 Main St Suite Y, Watsonville, CA 95076	521 Main St Suite Y, Watsonville	CA	0			(831) 724-2997	No	""	""	https://communitybridges.org/covid19/		0	0	0	0	0	0	0	0	0	0	0	0	0	0	0	2020-04-26T00:00:00Z	AZ	""	""	""	""	""
santa_cruz_county	Core Service Agency	1	Community Bridges Live Oak		1740 17th Ave, Santa Cruz, CA 95062	Santa Cruz	CA	0			(831) 476-7284		""	""	https://communitybridges.org/covid19/		Monday to Thursday, 9-5pm. Closed for lunch 12-1pm	Monday to Thursday, 9-5pm. Closed for lunch 12-1pm	Monday to Thursday, 9-5pm. Closed for lunch 12-1pm	Monday to Thursday, 9-5pm. Closed for lunch 12-1pm	Monday to Thursday, 9-5pm. Closed for lunch 12-1pm	Monday to Thursday, 9-5pm. Closed for lunch 12-1pm	Monday to Thursday, 9-5pm. Closed for lunch 12-1pm	0	0	0	0	0	0	0	0	2020-04-26T00:00:00Z	AZ	""	""	""	""	""
santa_cruz_county	Core Service Agency	1	Community Bridges Mountain		6134 Hwy 9, Felton, CA 95018	Felton	CA	0			(831) 335-6600		""	""	https://communitybridges.org/covid19/		Monday to Thursday, 9-5pm. Closed for lunch 12-1pm	Monday to Thursday, 9-5pm. Closed for lunch 12-1pm	Monday to Thursday, 9-5pm. Closed for lunch 12-1pm	Monday to Thursday, 9-5pm. Closed for lunch 12-1pm	Monday to Thursday, 9-5pm. Closed for lunch 12-1pm	Monday to Thursday, 9-5pm. Closed for lunch 12-1pm	Monday to Thursday, 9-5pm. Closed for lunch 12-1pm	0	0	0	0	0	0	0	0	2020-04-26T00:00:00Z	AZ	""	""	""	""	""
santa_cruz_county	Core Service Agency	1	Community Bridges-Nueva Vista		711 E Cliff Dr, Santa Cruz, CA 95060	Santa Cruz	CA	0			(831) 423-5747		""	""	https://communitybridges.org/covid19/		Monday to Friday, 9-1pm, 2-5:30 pm.	Monday to Friday, 9-1pm, 2-5:30 pm.	Monday to Friday, 9-1pm, 2-5:30 pm.	Monday to Friday, 9-1pm, 2-5:30 pm.	Monday to Friday, 9-1pm, 2-5:30 pm.	Monday to Friday, 9-1pm, 2-5:30 pm.	Monday to Friday, 9-1pm, 2-5:30 pm.	0	0	0	0	0	0	0	0	2020-04-26T00:00:00Z	AZ	""	""	""	""	""
santa_cruz_county	Core Service Agency	1	Pajaro Valley Loaves and Fishes		150 Second Street, Watsonville		CA	0			(831) 319-4571		""	""	https://pvloavesandfishes.org/index.htm		Mon-Fri (can go twice per month per family), 9am-11:30 am, 1pm-3pm	Mon-Fri (can go twice per month per family), 9am-11:30 am, 1pm-3pm	Mon-Fri (can go twice per month per family), 9am-11:30 am, 1pm-3pm	Mon-Fri (can go twice per month per family), 9am-11:30 am, 1pm-3pm	Mon-Fri (can go twice per month per family), 9am-11:30 am, 1pm-3pm	Mon-Fri (can go twice per month per family), 9am-11:30 am, 1pm-3pm	Mon-Fri (can go twice per month per family), 9am-11:30 am, 1pm-3pm	0	0	0	0	0	0	0	0	2020-04-26T00:00:00Z	AZ	""	""	""	""	""
santa_cruz_county	Core Service Agency	1	Salvation Army Santa Cruz Corps Community Center		721 Laurel St., Santa Cruz		CA	0			(831) 426-8365		""	""	https://www.facebook.com/SalvationArmySantaCruz/photos/a.164182096955865/3857580534282651/?type=3&theater, https://santacruz.salvationarmy.org/santa_cruz_corps		Monday-Thursday, 9am-11:30am	Monday-Thursday, 9am-11:30am	Monday-Thursday, 9am-11:30am	Monday-Thursday, 9am-11:30am	Monday-Thursday, 9am-11:30am	Monday-Thursday, 9am-11:30am	Monday-Thursday, 9am-11:30am	0	0	0	0	0	0	0	0	2020-04-26T00:00:00Z	AZ	""	""	""	""	""
santa_cruz_county	Core Service Agency	1	Community Action Board: Davenport Center		150 Church St., Santa Cruz		CA	0			(831) 425-8115		""	""	https://cabinc.org/drsc/		"Mondays 10a-6pm. Canned and dry goods (CALL TO
 SCHEDULE) Tuedays 2-4pm. Food and produce. General Hours: Monday-Thursday 10:00 am - 6:00 pm (Closed for Lunch / closed for lunch from 1:00 - 1:30 pm)"	"Mondays 10a-6pm. Canned and dry goods (CALL TO
 SCHEDULE) Tuedays 2-4pm. Food and produce. General Hours: Monday-Thursday 10:00 am - 6:00 pm (Closed for Lunch / closed for lunch from 1:00 - 1:30 pm)"	"Mondays 10a-6pm. Canned and dry goods (CALL TO
 SCHEDULE) Tuedays 2-4pm. Food and produce. General Hours: Monday-Thursday 10:00 am - 6:00 pm (Closed for Lunch / closed for lunch from 1:00 - 1:30 pm)"	"Mondays 10a-6pm. Canned and dry goods (CALL TO
 SCHEDULE) Tuedays 2-4pm. Food and produce. General Hours: Monday-Thursday 10:00 am - 6:00 pm (Closed for Lunch / closed for lunch from 1:00 - 1:30 pm)"	"Mondays 10a-6pm. Canned and dry goods (CALL TO
 SCHEDULE) Tuedays 2-4pm. Food and produce. General Hours: Monday-Thursday 10:00 am - 6:00 pm (Closed for Lunch / closed for lunch from 1:00 - 1:30 pm)"	"Mondays 10a-6pm. Canned and dry goods (CALL TO
 SCHEDULE) Tuedays 2-4pm. Food and produce. General Hours: Monday-Thursday 10:00 am - 6:00 pm (Closed for Lunch / closed for lunch from 1:00 - 1:30 pm)"	"Mondays 10a-6pm. Canned and dry goods (CALL TO
 SCHEDULE) Tuedays 2-4pm. Food and produce. General Hours: Monday-Thursday 10:00 am - 6:00 pm (Closed for Lunch / closed for lunch from 1:00 - 1:30 pm)"	0	0	0	0	0	0	0	0	2020-04-26T00:00:00Z	AZ	""	""	""	""	""
santa_cruz_county	Groceries	1	Holy Cross Church of Santa Cruz		210 High St.,#102, Santa Cruz		CA	0			831(469) 063-1102	No	""	""	https://holycrosssantacruz.com/community-service/	Closed	0	0	10:00 AM - 2:00 PM	0	10:00 AM - 2:00 PM	0	0	0	0	0	0	0	0	0	0			""	""	""	""	""
santa_cruz_county	Meal	1	St. Francis Catholic Kitchen		205 Mora St., Santa Cruz		CA	0			(831) 459-6712	No	""	""	https://stfrancissoupkitchen.org/soup-kitchen/	Open	12:00 PM - 1:00 PM	12:00 PM - 1:00 PM	12:00 PM - 1:00 PM	12:00 PM - 1:00 PM	12:00 PM - 1:00 PM	0	0	0	0	0	0	0	0	0	0	2020-04-26T00:00:00Z	AZ	""	""	""	""	""
santa_cruz_county	Groceries	1	Santa Cruz Bible Church		440 Frederick St., Santa Cruz		CA	0			(831) 429-1162	No	""	""	https://santacruzbible.org/live-streaming-details/	Open	0	10:00 AM - 12:00 PM	0	10:00 AM - 12:00 PM	0	0	0	0	0	0	0	0	0	0	0	2020-04-26T00:00:00Z	AZ	""	""	""	""	""
santa_cruz_county	Groceries	1	"Twin Lakes Church ""People’s Pantry"""		2701 Cabrillo College Rd., Aptos		CA	0			(831) 465-3300	No	""	""	https://www.tlc.org/peoplespantry/	Open	0	0	3:30 PM - 5:30 PM	0	0	0	0	0	0	0	0	0	0	0	0	2020-04-26T00:00:00Z	AZ	""	""	""	""	""
santa_cruz_county	Groceries	1	Resurrection Catholic Church		7600 Soquel Drive, Aptos		CA	0			(831) 688-4300	No	""	""	https://resurrection-aptos.org/publication/view/4-12-20-e-easter-sunday-bulletin/	Open	10:00 AM - 12:00 PM	0	0	0	10:00 AM - 12:00 PM	0	0	0	0	0	0	0	0	0	0	2020-04-26T00:00:00Z	AZ	""	""	""	""	""
santa_cruz_county	Groceries	1	San Agustin Church (St. Vincent De Paul)		257 Glenwood Dr., Scotts Valley		CA	0			(831) 423-0878	No	""	""	https://svdp-santacruz.org/get-help	Open	0	0	12 PM - 2:00 PM	0	0	0	0	0	0	0	0	0	0	0	0	2020-04-26T00:00:00Z	AZ	""	""	""	""	""
santa_cruz_county	Groceries	1	St. Philips Church		5271 Scotts Valley Dr., Scotts Valley		CA	0			(831) 438-4360	No	""	""	https://www.stphilip-sv.net/food-pantry	Open	0	0	0	5:00 PM - 6:30 PM	0	0	0	0	0	0	0	0	0	0	0	2020-04-26T00:00:00Z	AZ	""	""	""	""	""
santa_cruz_county	Groceries	1	Valley Churches United		9400 Hwy 9, Ben Lomond, CA 95005	Ben Lomond	CA	0			831(336) 825-8232	No	""	""	https://vcum.org/services/	Open	"Tuesday - Thursday: 9:00 am - 12:00 pm;
1st Friday: 9:00 am - 11:00 am; 3rd Friday: 9:00 am - 11:00 am; 
Saturday 10:00 am - 12:00 pm"	"Tuesday - Thursday: 9:00 am - 12:00 pm;
1st Friday: 9:00 am - 11:00 am; 3rd Friday: 9:00 am - 11:00 am; 
Saturday 10:00 am - 12:00 pm"	"Tuesday - Thursday: 9:00 am - 12:00 pm;
1st Friday: 9:00 am - 11:00 am; 3rd Friday: 9:00 am - 11:00 am; 
Saturday 10:00 am - 12:00 pm"	"Tuesday - Thursday: 9:00 am - 12:00 pm;
1st Friday: 9:00 am - 11:00 am; 3rd Friday: 9:00 am - 11:00 am; 
Saturday 10:00 am - 12:00 pm"	"Tuesday - Thursday: 9:00 am - 12:00 pm;
1st Friday: 9:00 am - 11:00 am; 3rd Friday: 9:00 am - 11:00 am; 
Saturday 10:00 am - 12:00 pm"	"Tuesday - Thursday: 9:00 am - 12:00 pm;
1st Friday: 9:00 am - 11:00 am; 3rd Friday: 9:00 am - 11:00 am; 
Saturday 10:00 am - 12:00 pm"	"Tuesday - Thursday: 9:00 am - 12:00 pm;
1st Friday: 9:00 am - 11:00 am; 3rd Friday: 9:00 am - 11:00 am; 
Saturday 10:00 am - 12:00 pm"	0	0	0	0	0	0	0	0	2020-04-26T00:00:00Z	AZ	""	""	""	""	""
santa_cruz_county	Groceries	1	Progressive Missionary Baptist Church		517 Center St., Santa Cruz		CA	0			(831) 423-6388	No	""	""		Closed	10:00 AM - 12:00 PM	0	0	0	0	0	0	0	0	0	0	0	0	0	0			""	""	""	""	""
santa_cruz_county	Groceries	1	Santa Cruz County Fairgrounds		2601 E Lake Ave, Watsonville, CA 95076	Watsonville	CA	0				No	""	""	https://tpgonlinedaily.com/second-harvest-food-banks-drive-through-distribution-continues/	Open	0	0	0	0	9:00 AM - 1:00 PM	0	0	0	0	0	0	0	0	0	0	2020-04-26T00:00:00Z	AZ	""	""	""	""	""
santa_cruz_county	Groceries	1	East Cliff Family Health Center		21507 E Clilff Drive Santa Cruz		CA	0			(831) 427-3500	No	""	""	https://www.facebook.com/schealthcenters/photos/a.10150869089135182/10163193988225182/?type=3&theater	Open	0	0	3:30 PM - 5:00 PM	0	0	0	0	0	0	0	0	0	0	0	0	2020-04-26T00:00:00Z	AZ	""	""	""	""	""
santa_cruz_county	Groceries	1	Our Lady Star of the Sea Church (St Vincent De Paul)		515 Frederick Street, Santa Cruz, CA 95062	Santa Cruz	CA	0			(888) 245-9187	No	""	""	https://svdp-santacruz.org/get-help	Open	0	10:00 AM - 12:00 PM	0	10:00 AM - 12:00 PM	0	0	0	0	0	0	0	0	0	0	0	2020-04-26T00:00:00Z	AZ	""	""	""	""	""
santa_cruz_county	Groceries	1	St.Joseph's Church (St Vincent De Paul)		435 Monterey Avenue, Santa Cruz, CA	Santa Cruz	CA	0			(888) 245-9187	No	""	""	https://svdp-santacruz.org/get-help	Open	0	0	10:00 AM - 12:00 PM.	0	0	0	0	0	0	0	0	0	0	0	0	2020-04-26T00:00:00Z	AZ	""	""	""	""	""
santa_cruz_county	Groceries	1	Grey Bears Healthy Food Delivery		710 Chanticleer Avenue, Santa Cruz, California 95065	Santa Cruz	CA	0			(831) 479-1055	No	""	""	https://www.greybears.org/get-involved/online-membership-form/	Closed	Application must be filled out and approved	Application must be filled out and approved	Application must be filled out and approved	Application must be filled out and approved	Application must be filled out and approved	Application must be filled out and approved	Application must be filled out and approved	0	0	0	0	0	0	0	0	2020-04-26T00:00:00Z	AZ	""	""	""	""	""
alameda_county	Groceries	1	Merritt College – Food Pantry		12500 Campus Dr Oakland CA 94619		CA	0			(510) 436-2414	No	""	""	https://www.merritt.edu/wp/foodbank/	Open	2nd Thursday: 12:00 pm - 4:00 pm, 4th Thursday: 12:00 pm – 4:00 pm	2nd Thursday: 12:00 pm - 4:00 pm, 4th Thursday: 12:00 pm – 4:00 pm	2nd Thursday: 12:00 pm - 4:00 pm, 4th Thursday: 12:00 pm – 4:00 pm	2nd Thursday: 12:00 pm - 4:00 pm, 4th Thursday: 12:00 pm – 4:00 pm	2nd Thursday: 12:00 pm - 4:00 pm, 4th Thursday: 12:00 pm – 4:00 pm	2nd Thursday: 12:00 pm - 4:00 pm, 4th Thursday: 12:00 pm – 4:00 pm	2nd Thursday: 12:00 pm - 4:00 pm, 4th Thursday: 12:00 pm – 4:00 pm	0	0	0	0	0	0	0	0	2020-04-26T00:00:00Z	AZ	""	""	""	""	""
santa_clara_county	Core Service Agency	1	Fair Oaks Community Center		2600 Middlefield Rd., Redwood City		CA	0			(650) 780-7500	No	""	""	https://www.redwoodcity.org/departments/parks-recreation-and-community-services/facilities/community-centers		"Mon 8:00am-5:00pm
Tues-Wed-Thurs 8:00-9:00pm
Fri 8:00-7:00pm"	"Mon 8:00am-5:00pm
Tues-Wed-Thurs 8:00-9:00pm
Fri 8:00-7:00pm"	"Mon 8:00am-5:00pm
Tues-Wed-Thurs 8:00-9:00pm
Fri 8:00-7:00pm"	"Mon 8:00am-5:00pm
Tues-Wed-Thurs 8:00-9:00pm
Fri 8:00-7:00pm"	"Mon 8:00am-5:00pm
Tues-Wed-Thurs 8:00-9:00pm
Fri 8:00-7:00pm"	"Mon 8:00am-5:00pm
Tues-Wed-Thurs 8:00-9:00pm
Fri 8:00-7:00pm"	"Mon 8:00am-5:00pm
Tues-Wed-Thurs 8:00-9:00pm
Fri 8:00-7:00pm"	0	0	0	0	0	0	0	0	2020-04-26T00:00:00Z	AZ	""	""	""	""	""
santa_clara_county	Core Service Agency	1	Bill Wilson Center		349 The Alameda, Santa Clara, CA	Santa Clara	CA	0			(408) 243-0222		""	""	www.billwilsoncenter.org		Monday - Friday, 8:00 am - 5:00 pm	Monday - Friday, 8:00 am - 5:00 pm	Monday - Friday, 8:00 am - 5:00 pm	Monday - Friday, 8:00 am - 5:00 pm	Monday - Friday, 8:00 am - 5:00 pm	Monday - Friday, 8:00 am - 5:00 pm	Monday - Friday, 8:00 am - 5:00 pm	0	0	0	0	0	0	0	0	2020-04-26T00:00:00Z	AZ	""	""	""	""	""
santa_clara_county	Core Service Agency	1	The Health Trust		3180 Newberry Dr., Suite 200, San Jose, 95118	Suite 200, San Jose	CA	0			4085138700(408) 448-4055		""	""	https://healthtrust.org/covid-19/	Closed	0	0	0	0	0	0	0	0	0	0	0	0	0	0	0			""	""	""	""	""
santa_clara_county	Housing	1	Life Moves - George Travis House		260 Commercial Street, San Jose, Ca 95112	San Jose	CA	0			(408) 271-1630		""	""	www.lifemoves.org/directory/georgia-travis-house/		Monday - Friday, 8:30 am - 4:30 pm	Monday - Friday, 8:30 am - 4:30 pm	Monday - Friday, 8:30 am - 4:30 pm	Monday - Friday, 8:30 am - 4:30 pm	Monday - Friday, 8:30 am - 4:30 pm	Monday - Friday, 8:30 am - 4:30 pm	Monday - Friday, 8:30 am - 4:30 pm	0	0	0	0	0	0	0	0	2020-04-26T00:00:00Z	AZ	""	""	""	""	""
santa_clara_county	Housing	1	Heritage Home: City Team		435 North Third Street San Jose, CA 95112		CA	0			(408) 294-1238		""	""	www.cityteam.org/san-jose/programs/heritage-home/	Closed	0	0	0	0	0	0	0	0	0	0	0	0	0	0	0	2020-04-26T00:00:00Z	AZ	""	""	""	""	""
santa_clara_county	Housing	1	Office of Supportive Housing		2310 N. First Street , Suite 201, San Jose, CA 95131	Suite 201, San Jose	CA	0			(408) 278-6400		""	""		Closed	0	0	0	0	0	0	0	0	0	0	0	0	0	0	0	2020-04-26T00:00:00Z	AZ	""	""	""	""	""
santa_clara_county	Housing	1	HomeFirst Outreach Hotline		Call Number 408.510.7600		CA	0			(408) 539-2100		""	""	www.homefirstscc.org		Call Number 408.510.7601	Call Number 408.510.7601	Call Number 408.510.7601	Call Number 408.510.7601	Call Number 408.510.7601	Call Number 408.510.7601	Call Number 408.510.7601	0	0	0	0	0	0	0	0	2020-04-26T00:00:00Z	AZ	""	""	""	""	""
	Housing	1	Shelter Project		501 Soquel Ave (Suite E) Santa Cruz CA 95062		CA	0			(831) 457-1741		""	""	https://www.lashicap.org/		Call Number	Call Number	Call Number	Call Number	Call Number	Call Number	Call Number	0	0	0	0	0	0	0	0	2020-04-26T00:00:00Z	AZ	""	""	""	""	""
monterey_county	Housing	1	Salvation Army Good Samaritan Center		800 Scott Street Seaside CA 93955		CA	0			(831) 899-4988		""	""	https://montereypeninsula.salvationarmy.org/		Monday - Friday, 8:30 am - 5:00 pm;  Sunday, 8:30am-12:30pm	Monday - Friday, 8:30 am - 5:00 pm;  Sunday, 8:30am-12:30pm	Monday - Friday, 8:30 am - 5:00 pm;  Sunday, 8:30am-12:30pm	Monday - Friday, 8:30 am - 5:00 pm;  Sunday, 8:30am-12:30pm	Monday - Friday, 8:30 am - 5:00 pm;  Sunday, 8:30am-12:30pm	Monday - Friday, 8:30 am - 5:00 pm;  Sunday, 8:30am-12:30pm	Monday - Friday, 8:30 am - 5:00 pm;  Sunday, 8:30am-12:30pm	0	0	0	0	0	0	0	0	2020-04-26T00:00:00Z	AZ	""	""	""	""	""
santa_cruz_county	Housing	1	Families in Transition of Santa Cruz		"406 Main Street
Watsonville, CA - 95076"		CA	0			(831) 728-9791		""	""	https://www.fitsantacruz.org/		Wednesday 1pm to 3pm	Wednesday 1pm to 3pm	Wednesday 1pm to 3pm	Wednesday 1pm to 3pm	Wednesday 1pm to 3pm	Wednesday 1pm to 3pm	Wednesday 1pm to 3pm	0	0	0	0	0	0	0	0	2020-04-26T00:00:00Z	AZ	""	""	""	""	""
	Housing	1	Mid Bay Emergency Food and Referral		10351 Merritt St # 6, Castroville, CA 95012	Castroville	CA	0			(831) 633-3866		""	""	https://www.facebook.com/pages/Mid-Bay-Emergency-Food-Referral-Center/153654275491817		Mon - Fri: 9:00 AM - 5:00 PM	Mon - Fri: 9:00 AM - 5:00 PM	Mon - Fri: 9:00 AM - 5:00 PM	Mon - Fri: 9:00 AM - 5:00 PM	Mon - Fri: 9:00 AM - 5:00 PM	Mon - Fri: 9:00 AM - 5:00 PM	Mon - Fri: 9:00 AM - 5:00 PM	0	0	0	0	0	0	0	0	2020-04-26T00:00:00Z	AZ	""	""	""	""	""
santa_cruz_county	Immigration	1	Santa Cruz County Immigration Project		406 Main St, Watsonville, CA 95076	Watsonville	CA	0			(831) 724-5667		""	""	https://cabinc.org/santa-cruz-county-immigration-project/		Mon - Fri: 9:00 AM - 5:00 PM	Mon - Fri: 9:00 AM - 5:00 PM	Mon - Fri: 9:00 AM - 5:00 PM	Mon - Fri: 9:00 AM - 5:00 PM	Mon - Fri: 9:00 AM - 5:00 PM	Mon - Fri: 9:00 AM - 5:00 PM	Mon - Fri: 9:00 AM - 5:00 PM	0	0	0	0	0	0	0	0	2020-04-26T00:00:00Z	AZ	""	""	""	""	""
alameda_county	Legal	1	Centro Legal de la Raza				CA	0			(510) 437-1554		""	""	https://www.centrolegal.org/		Call Number	Call Number	Call Number	Call Number	Call Number	Call Number	Call Number	0	0	0	0	0	0	0	0	2020-04-25T00:00:00Z		""	""	""	""	""
alameda_county	Legal	1	Alameda County Bar Association Lawyer Referral Service and Volunteer Legal Services Corporation				CA	0			5(103) 022-2224		""	""	https://www.acbanet.org/need-a-lawyer/		Call Number	Call Number	Call Number	Call Number	Call Number	Call Number	Call Number	0	0	0	0	0	0	0	0	2020-04-25T00:00:00Z		""	""	""	""	""
alameda,_contra_costa_county	Legal	1	East Bay Community Law Center				CA	0			(510) 548-4040		""	""	https://ebclc.org/need-services/		Call Number	Call Number	Call Number	Call Number	Call Number	Call Number	Call Number	0	0	0	0	0	0	0	0			""	""	""	""	""
alameda_county	Legal	1	Legal Assistance for Seniors				CA	0			(510) 832-3040		""	""	https://www.lashicap.org/programs/legal/		Call Number	Call Number	Call Number	Call Number	Call Number	Call Number	Call Number	0	0	0	0	0	0	0	0			""	""	""	""	""
bay_area	Legal	1	Bay Area Legal Aid				CA	0			1(800) 551-5554		""	""	https://baylegal.org/get-help/		Call Number	Call Number	Call Number	Call Number	Call Number	Call Number	Call Number	0	0	0	0	0	0	0	0	2020-04-26T00:00:00Z	AZ	""	""	""	""	""
san_mateo_county	Legal	1	Legal Aid Society of San Mateo County				CA	0			(650) 558-0915		""	""	https://www.legalaidsmc.org		Call Number	Call Number	Call Number	Call Number	Call Number	Call Number	Call Number	0	0	0	0	0	0	0	0	2020-04-26T00:00:00Z	AZ	""	""	""	""	""
san_mateo,_santa_clara_county	Legal	1	Community Legal Services of East Palo Alto				CA	0			(650) 326-6440		""	""	https://clsepa.org/		Call Number	Call Number	Call Number	Call Number	Call Number	Call Number	Call Number	0	0	0	0	0	0	0	0	2020-04-26T00:00:00Z	AZ	""	""	""	""	""
bay_area	Legal	1	Legal Aid at Work				CA	0			(415) 864-8848		""	""	https://legalaidatwork.org		Call Number	Call Number	Call Number	Call Number	Call Number	Call Number	Call Number	0	0	0	0	0	0	0	0	2020-04-26T00:00:00Z	AZ	""	""	""	""	""
santa_clara_county	Legal	1	Law Foundation of Silicon Valley		"4 North Second Street, Suite 1300
San Jose, California 95113"		CA	0			4082802424(408) 293-4790		""	""	https://www.lawfoundation.org/		Walk in: Monday, Tuesday, Thursday: 9 AM - 11:30 AM & 1 PM - 4 PM, Wednesday:  9 AM - 11:30 AM. Call: Monday - Thursday: 9 AM -12 PM & 1 PM - 4 PM, Friday: 9 AM - 12 PM	Walk in: Monday, Tuesday, Thursday: 9 AM - 11:30 AM & 1 PM - 4 PM, Wednesday:  9 AM - 11:30 AM. Call: Monday - Thursday: 9 AM -12 PM & 1 PM - 4 PM, Friday: 9 AM - 12 PM	Walk in: Monday, Tuesday, Thursday: 9 AM - 11:30 AM & 1 PM - 4 PM, Wednesday:  9 AM - 11:30 AM. Call: Monday - Thursday: 9 AM -12 PM & 1 PM - 4 PM, Friday: 9 AM - 12 PM	Walk in: Monday, Tuesday, Thursday: 9 AM - 11:30 AM & 1 PM - 4 PM, Wednesday:  9 AM - 11:30 AM. Call: Monday - Thursday: 9 AM -12 PM & 1 PM - 4 PM, Friday: 9 AM - 12 PM	Walk in: Monday, Tuesday, Thursday: 9 AM - 11:30 AM & 1 PM - 4 PM, Wednesday:  9 AM - 11:30 AM. Call: Monday - Thursday: 9 AM -12 PM & 1 PM - 4 PM, Friday: 9 AM - 12 PM	Walk in: Monday, Tuesday, Thursday: 9 AM - 11:30 AM & 1 PM - 4 PM, Wednesday:  9 AM - 11:30 AM. Call: Monday - Thursday: 9 AM -12 PM & 1 PM - 4 PM, Friday: 9 AM - 12 PM	Walk in: Monday, Tuesday, Thursday: 9 AM - 11:30 AM & 1 PM - 4 PM, Wednesday:  9 AM - 11:30 AM. Call: Monday - Thursday: 9 AM -12 PM & 1 PM - 4 PM, Friday: 9 AM - 12 PM	0	0	0	0	0	0	0	0	2020-04-26T00:00:00Z	AZ	""	""	""	""	""
santa_cruz_county	Legal	1	Watsonville Law Center				CA	0			(831) 722-2845		""	""	https://www.watsonvillelawcenter.org/?page_id=148		Tuesdays 9-12, Wednesdays 1pm-4pm. Other hours available by appointment	Tuesdays 9-12, Wednesdays 1pm-4pm. Other hours available by appointment	Tuesdays 9-12, Wednesdays 1pm-4pm. Other hours available by appointment	Tuesdays 9-12, Wednesdays 1pm-4pm. Other hours available by appointment	Tuesdays 9-12, Wednesdays 1pm-4pm. Other hours available by appointment	Tuesdays 9-12, Wednesdays 1pm-4pm. Other hours available by appointment	Tuesdays 9-12, Wednesdays 1pm-4pm. Other hours available by appointment	0	0	0	0	0	0	0	0	2020-04-26T00:00:00Z	AZ	""	""	""	""	""
santa_cruz,_monterey,_san_benito_county	Legal	1	California Rural Legal Assistance (CRLA)				CA	0			(831) 724-2253		""	""	https://www.crla.org/office-listing	Closed	Thursdays, 10am-3pm	Thursdays, 10am-3pm	Thursdays, 10am-3pm	Thursdays, 10am-3pm	Thursdays, 10am-3pm	Thursdays, 10am-3pm	Thursdays, 10am-3pm	0	0	0	0	0	0	0	0			""	""	""	""	""
alameda_county	Meal	1	Meals on Wheels				CA	0			(510) 865-6131	Yes	""	""	http://www.alamedamealsonwheels.org/	Open	9:00 AM - 12:00 PM	9:00 AM - 12:00 PM	9:00 AM - 12:00 PM	9:00 AM - 12:00 PM	9:00 AM - 12:00 PM	9:00 AM - 12:00 PM	9:00 AM - 12:00 PM	0	0	0	0	0	0	0	0	2020-04-26T00:00:00Z	AZ	""	""	""	""	""
san_francisco_county	Meal	1	Project Open Hand				CA	0			(415) 447-2335	No	""	""	https://www.openhand.org/get-meals/seniors-and-adults-disabilities/community-nutrition-program-locations-and-hours	Open	Call Number	Call Number	Call Number	Call Number	Call Number	Call Number	Call Number	0	0	0	0	0	0	0	0	2020-04-26T00:00:00Z	AZ	""	""	""	""	""
alameda_county	Meal	1	Centerville Free Dining Room		4360 Central Ave, Fremont, CA 94536	Fremont	CA	0			(510) 793-3575	No	""	""	https://www.icarol.info/ResourceView2.aspx?org=2376&agencynum=38898540	Open	0	4:00 PM - 5:45 PM	0	4:00 PM - 5:45 PM	0	0	0	0	0	0	0	0	0	0	0	2020-04-26T00:00:00Z	AZ	""	""	""	""	""
santa_clara_county	Meal	1	Boys and Girls Club	Peninsula	2031 Pulgas Ave, East Palo Alto		CA	0			(650) 646-6122	No	""	""	https://www.bgcp.org/covid19	Open	6:00 PM - 7:00 PM	6:00 PM - 7:00 PM	6:00 PM - 7:00 PM	6:00 PM - 7:00 PM	6:00 PM - 7:00 PM	0	0	0	0	0	0	0	0	0	0	2020-04-26T00:00:00Z	AZ	""	""	""	""	""
santa_clara_county	Meal	1	Boys and Girls Club	Central Community School	1109 Hilton St Redwood City		CA	0			(650) 646-6124	No	""	""	https://www.bgcp.org/covid19	Open	6:00 - 7:00 PM	6:00 - 7:00 PM	6:00 - 7:00 PM	6:00 - 7:00 PM	6:00 - 7:00 PM	0	0	0	0	0	0	0	0	0	0	2020-04-26T00:00:00Z	AZ	""	""	""	""	""
santa_clara_county	Meal	1	St Anthony's Padua Dining Room		3500 Middlefield Road, Menlo Park		CA	0			(650) 365-9664	No	""	""	http://paduadiningroom.com	Open	11:00 AM - 1:00 PM	11:00 AM - 1:00 PM	11:00 AM - 1:00 PM	11:00 AM - 1:00 PM	11:00 AM - 1:00 PM	11:00 AM - 1:00 PM	0	0	0	0	0	0	0	0	0			""	""	""	""	""
san_francisco_county	Meal	1	St. Anthony's Emergency Food Pantry		121 Golden Gate Avenue, San Francisco, CA	San Francisco	CA	0			(415) 241-2600	No	""	""	https://www.stanthonysf.org/	Open	10:00 AM - 11:45 AM, 11:30 AM - 1:00 PM	10:00 AM - 11:45 AM, 11:30 AM - 1:00 PM	10:00 AM - 11:45 AM, 11:30 AM - 1:00 PM	10:00 AM - 11:45 AM, 11:30 AM - 1:00 PM	10:00 AM - 11:45 AM, 11:30 AM - 1:00 PM	10:00 AM - 11:45 AM, 11:30 AM - 1:00 PM	10:00 AM - 11:45 AM, 11:30 AM - 1:00 PM	0	0	0	0	0	0	0	0	2020-04-26T00:00:00Z	AZ	""	""	""	""	""
santa_clara_county	Meal	1	La Comida	Stevenson	455 East Charleston Road, Palo Alto, CA 94306	Palo Alto	CA	0			(650) 322-3742	No	""	""	https://www.lacomida.org/	Open	11:15 AM - 12:15 PM	11:15 AM - 12:15 PM	11:15 AM - 12:15 PM	11:15 AM - 12:15 PM	11:15 AM - 12:15 PM	0	0	0	0	0	0	0	0	0	0	2020-04-26T00:00:00Z		""	""	""	""	""
santa_clara_county	Meal	1	La Comida	Masonic Temple	461 Florence Street Palo Alto, CA 94301		CA	0			(650) 322-3742	No	""	""	https://www.lacomida.org/	Open	11:45 AM - 12:15 PM	11:45 AM - 12:15 PM	11:45 AM - 12:15 PM	11:45 AM - 12:15 PM	11:45 AM - 12:15 PM	0	0	0	0	0	0	0	0	0	0	2020-04-26T00:00:00Z	CZ	""	""	""	""	""
santa_clara_county	Meal	1	Martha's Kitchen		"311 Willow Street
San Jose, CA 95110"		CA	0			(408) 293-6111	No	""	""	https://www.marthas-kitchen.org/	Open	0	4:00 PM - 5:00 PM; THURSDAY	4:00 PM - 5:00 PM; THURSDAY	0	0	0	0	0	0	0	0	0	0	0	0	2020-04-26T00:00:00Z	CZ	""	""	""	""	""
santa_clara_county	Meal	1	Loaves and Fishes Family Kitchen	Goodwill	1080 North 7th Street, San Jose, CA 95112	San Jose	CA	0			(408) 998-5774	No	""	""	https://www.loavesfishes.org/	Open	3:30 PM - 4:30 PM	3:30 PM - 4:30 PM	3:30 PM - 4:30 PM	3:30 PM - 4:30 PM	3:30 PM - 4:30 PM	0	0	0	0	0	0	0	0	0	0	2020-04-26T00:00:00Z	CZ	""	""	""	""	""
santa_clara_county	Meal	1	Loaves and Fishes Family Kitchen	SJ Vietnamese Seventh Day Adventist Church -	1066 South 2nd Street, San Jose, CA 95112	San Jose	CA	0			(408) 287-2286	No	""	""	https://www.loavesfishes.org/	Open	4:30 PM - 5:30 PM	4:30 PM - 5:30 PM	4:30 PM - 5:30 PM	4:30 PM - 5:30 PM	4:30 PM - 5:30 PM	0	0	0	0	0	0	0	0	0	0	2020-04-26T00:00:00Z	CZ	""	""	""	""	""
santa_clara_county	Meal	1	Salvation Army	Emmanuel House	405 N. 4th St. San Jose, CA 95112		CA	0			(408) 282-1175	No	""	""	https://siliconvalley.salvationarmy.org/silicon_valley/covid-19-response-and-news-updates	Open	12:00 PM - 12:30 PM, 9:30 AM - 12:30 PM	12:00 PM - 12:30 PM, 9:30 AM - 12:30 PM	12:00 PM - 12:30 PM, 9:30 AM - 12:30 PM	12:00 PM - 12:30 PM, 9:30 AM - 12:30 PM	12:00 PM - 12:30 PM, 9:30 AM - 12:30 PM	12:15 PM - 1:00 PM, 5:15 PM - 6 PM;	0	0	0	0	0	0	0	0	0	2020-04-26T00:00:00Z	CZ	""	""	""	""	""
santa_clara_county	Meal	1	Salvation Army	Gilroy Salvation Army Community Center	200 5th St., Gilroy, CA 95020	Gilroy	CA	0			(408) 848-5373	No	""	""	https://siliconvalley.salvationarmy.org/silicon_valley/covid-19-response-and-news-updates	Open	12:00PM - 1:00 PM	12:00PM - 1:00 PM	12:00PM - 1:00 PM	12:00PM - 1:00 PM	12:00PM - 1:00 PM	0	0	0	0	0	0	0	0	0	0	2020-04-26T00:00:00Z	CZ	""	""	""	""	""
santa_clara_county	Meal	1	Health Trust				CA	0			(408) 961-9870	No	""	""	https://healthtrust.org/covid-19/	Open	Call Number	Call Number	Call Number	Call Number	Call Number	Call Number	Call Number	0	0	0	0	0	0	0	0	2020-04-26T00:00:00Z	CZ	""	""	""	""	""
santa_clara_county	Meal	1	Hope’s Corner		748 Mercy St., Mountain View, CA	Mountain View	CA	0			(650) 254-1450	No	""	""	http://www.hopes-corner.org/	Open	0	0	0	0	0	8:00 AM - 10:00 AM	0	0	0	0	0	0	0	0	0	2020-04-26T00:00:00Z	CZ	""	""	""	""	""
santa_clara_county	Meal	1	Community Services Agency of Mountain View, Los Altos, and Los Altos Hills	Los Altos Senior Center	"97 Hillview Ave.
Los Altos, CA 94022"		CA	0			650(968) 083-6131	No	""	""	https://www.csacares.org/covid-19-relief/	Open	11:30 AM - 12:15 PM	11:30 AM - 12:15 PM	11:30 AM - 12:15 PM	11:30 AM - 12:15 PM	11:30 AM - 12:15 PM	0	0	0	0	0	0	0	0	0	0	2020-04-26T00:00:00Z	gh	""	""	""	""	""
santa_clara_county	Meal	1	Community Services Agency of Mountain View, Los Altos, and Los Altos Hills	Mt View Senior Center	"266 Escuela Ave.
Mountain View, CA 94040"		CA	0			650(968) 083-6131	No	""	""	https://www.csacares.org/covid-19-relief/	Open	11:30 AM - 12:15 PM	11:30 AM - 12:15 PM	11:30 AM - 12:15 PM	11:30 AM - 12:15 PM	11:30 AM - 12:15 PM	0	0	0	0	0	0	0	0	0	0	2020-04-26T00:00:00Z	gh	""	""	""	""	""
santa_clara_county	Meal	1	Mission City Community Fund	Cabrillo Middle School	2550 Cabrillo Ave, Santa Clara, CA 95051	Santa Clara	CA	0			""	No	""	""	https://www.santaclaraca.gov/i-want-to/stay-informed/newsroom/coronavirus-updates/covid-19-senior-and-community-resources/healthy-meals-santa-clara	Open	0	0	0	2:00 PM - 3:30 PM	0	0	0	0	0	0	0	0	0	0	0	2020-04-26T00:00:00Z	CZ	""	""	""	""	""
santa_clara_county	Meal	1	Mission City Community Fund	Don Callejon School	4176 Lick Mill Blvd., Santa Clara, CA 95054	Santa Clara	CA	0			""	No	""	""	https://www.santaclaraca.gov/i-want-to/stay-informed/newsroom/coronavirus-updates/covid-19-senior-and-community-resources/healthy-meals-santa-clara	Open	0	0	0	2:00 PM - 3:30 PM	0	0	0	0	0	0	0	0	0	0	0	2020-04-26T00:00:00Z	CZ	""	""	""	""	""
santa_clara_county	Meal	1	Mission City Community Fund	Wilcox School	3250 Monroe St., Santa Clara, CA 95051	Santa Clara	CA	0			""	No	""	""	https://www.santaclaraca.gov/i-want-to/stay-informed/newsroom/coronavirus-updates/covid-19-senior-and-community-resources/healthy-meals-santa-clara	Open	0	0	0	2:00 PM - 3:30 PM	0	0	0	0	0	0	0	0	0	0	0	2020-04-26T00:00:00Z	CZ	""	""	""	""	""
santa_clara_county	Meal	1	Mission City Community Fund	Santa Clara Senior Center	1303 Fremont St., Santa Clara, CA 95050	Santa Clara	CA	0			""	No	""	""	https://www.santaclaraca.gov/i-want-to/stay-informed/newsroom/coronavirus-updates/covid-19-senior-and-community-resources/healthy-meals-santa-clara	Open	0	0	0	2:00 PM - 3:30 PM	0	0	0	0	0	0	0	0	0	0	0	2020-04-26T00:00:00Z	CZ	""	""	""	""	""
santa_clara_county	Meal	1	Meals on Wheels	District 4			CA	0			4083503246(408) 297-4979	Yes	""	""	https://www.sccgov.org/sites/ssa/daas/snp/Pages/hdm.aspx	Open						0	0	0	0	0	0	0	0	0	0	2020-04-26T00:00:00Z	CZ	""	""	""	""	""
santa_clara_county	Meal	1	Veterans Memorial Senior Center		1455 Madison Ave, Redwood City, CA 94601 or Home Delivery (Redwood City and Redwood Shores); Call In Advance to reserve by 7pm the night before	Redwood City	CA	0			(650) 780-7259	Yes	""	""	https://www.redwoodcity.org/departments/parks-recreation-and-community-services/covid-19-response/senior-services	Open	11:00 AM - 1:00 PM	11:00 AM - 1:00 PM	11:00 AM - 1:00 PM	11:00 AM - 1:00 PM	11:00 AM - 1:00 PM	0	0	0	0	0	0	0	0	0	0	2020-04-26T00:00:00Z	CZ	""	""	""	""	""
santa_cruz_county	Meal	1	St. Francis Soup Kitchen		205 Mora St., Santa Cruz, CA 95060	Santa Cruz	CA	0			(831) 459-6712	No	""	""	https://www.facebook.com/pg/saintfrancissoupkitchensantacruz/posts/?ref=page_internal	Open	12:00 PM - 1:00 PM	12:00 PM - 1:00 PM	12:00 PM - 1:00 PM	12:00 PM - 1:00 PM	12:00 PM - 1:00 PM	0	0	0	0	0	0	0	0	0	0	2020-04-26T00:00:00Z	CZ	""	""	""	""	""
santa_cruz_county	Meal	1	Food Not Bombs		100 Laurel St, Santa Cruz, CA 95060	Santa Cruz	CA	0			1(800) 884-1136	No	""	""	https://santacruz.foodnotbombs.net/	Open	1:00 PM - 6:00 PM; SATURDAY, SUNDAY	1:00 PM - 6:00 PM; SATURDAY, SUNDAY	1:00 PM - 6:00 PM; SATURDAY, SUNDAY	1:00 PM - 6:00 PM; SATURDAY, SUNDAY	1:00 PM - 6:00 PM; SATURDAY, SUNDAY	0	0	0	0	0	0	0	0	0	0	2020-04-26T00:00:00Z	CZ	""	""	""	""	""
santa_cruz_county	Meal	1	Greater Purpose Community Church		Coral St. & Limekiln St., Santa Cruz		CA	0				No	""	""		Closed	0	0	0	0	0	0	7:00 PM - 8:30 PM	0	0	0	0	0	0	0	0			""	""	""	""	""
santa_cruz_county	Meal	1	Resurrection Church		7600 Soquel Drive, Aptos		CA	0				No	""	""		Closed	0	0	0	0	0	12:00 PM - 12:30 PM	0	0	0	0	0	0	0	0	0			""	""	""	""	""
santa_cruz_county	Meal	1	Loaves and Fishes	Pajaro Valley	150 Second Street, Watsonville, CA 95076	Watsonville	CA	0			(831) 319-4571	No	""	""	https://www.pvloavesandfishes.org/hotLunch.htm	Open	Monday - Friday, 12:00 pm - 1:00 pm	Monday - Friday, 12:00 pm - 1:00 pm	Monday - Friday, 12:00 pm - 1:00 pm	Monday - Friday, 12:00 pm - 1:00 pm	Monday - Friday, 12:00 pm - 1:00 pm	Monday - Friday, 12:00 pm - 1:00 pm	Monday - Friday, 12:00 pm - 1:00 pm	0	0	0	0	0	0	0	0	2020-04-26T00:00:00Z	CZ	""	""	""	""	""
santa_cruz_county	Meal	1	Salvation Army	Watsonville Corps	214 Union St., Watsonville, CA 95076	Watsonville	CA	0			(831) 724-3922	No	""	""	https://www.facebook.com/pg/SalvationArmyWatsonville/posts/?ref=page_internal	Open	5:00 PM	5:00 PM	5:00 PM	5:00 PM	5:00 PM	5:00 PM	5:00 PM	0	0	0	0	0	0	0	0	2020-04-26T00:00:00Z	CZ	""	""	""	""	""
alameda_county	Medical	1	Tiburcio Vasquez Health Center		22331 Mission Blvd, Hayward, CA 94541 (Call in Advance)	Hayward	CA	0			(510) 471-5880	Yes	""	""	https://www.tvhc.org/	Open	8:00 AM - 5:00 PM; SATURDAY	8:00 AM - 5:00 PM; SATURDAY	8:00 AM - 5:00 PM; SATURDAY	8:00 AM - 5:00 PM; SATURDAY	0	0	0	0	0	0	0	0	0	0	0	2020-04-30T00:00:00Z	CG	""	""	""	""	""
alameda,_contra_costa,_solano_county	Medical	1	La Clinica				CA	0			(510) 535-4000	Yes	""	""	https://laclinica.org/	Open	Call Number	Call Number	Call Number	Call Number	Call Number	Call Number	Call Number	0	0	0	0	0	0	0	0	2020-04-30T00:00:00Z	CG	""	""	""	""	""
alameda,_contra_costa,_marin_county	Medical	1	LifeLong Medical Care				CA	0			(510) 981-4100	Yes	""	""	https://www.lifelongmedical.org/	Open	Call Number	Call Number	Call Number	Call Number	Call Number	Call Number	Call Number	0	0	0	0	0	0	0	0	2020-04-30T00:00:00Z	CG	""	""	""	""	""
alameda,_san_francisco_county	Medical	1	Native American Health Center				CA	0			5105354400(415) 417-3501	Yes	""	""	https://www.nativehealth.org/	Open	Call Number	Call Number	Call Number	Call Number	Call Number	Call Number	Call Number	0	0	0	0	0	0	0	0	2020-04-30T00:00:00Z	CG	""	""	""	""	""
alameda_county	Medical	1	Asian Health Services				CA	0			(510) 986-6800		""	""	https://asianhealthservices.org/	Open	Call Number	Call Number	Call Number	Call Number	Call Number	Call Number	Call Number	0	0	0	0	0	0	0	0	2020-04-30T00:00:00Z	CG	""	""	""	""	""
alameda_county	Medical	1	Alameda County Health Care for the Homeless		384 14th St, Oakland, CA 94612	Oakland	CA	0			(510) 891-8950	Yes	""	""	https://www.achch.org/		Monday - Friday, 8:30 am - 4:30 pm, Tuesday 1:00 pm - 4:30 pm	Monday - Friday, 8:30 am - 4:30 pm, Tuesday 1:00 pm - 4:30 pm	Monday - Friday, 8:30 am - 4:30 pm, Tuesday 1:00 pm - 4:30 pm	Monday - Friday, 8:30 am - 4:30 pm, Tuesday 1:00 pm - 4:30 pm	Monday - Friday, 8:30 am - 4:30 pm, Tuesday 1:00 pm - 4:30 pm	Monday - Friday, 8:30 am - 4:30 pm, Tuesday 1:00 pm - 4:30 pm	Monday - Friday, 8:30 am - 4:30 pm, Tuesday 1:00 pm - 4:30 pm	0	0	0	0	0	0	0	0	2020-04-30T00:00:00Z	CG	""	""	""	""	""
alameda_county	Medical	1	Tri-City Health Center				CA	0			(510) 770-8040	Yes	""	""	https://tri-cityhealth.org/	Open	Call Number	Call Number	Call Number	Call Number	Call Number	Call Number	Call Number	0	0	0	0	0	0	0	0	2020-04-30T00:00:00Z	CG	""	""	""	""	""
bay_area	Medical	1	BAART Programs				CA	0			(844) 341-4040	Yes	""	""	https://baartprograms.com/	Open	Call Number	Call Number	Call Number	Call Number	Call Number	Call Number	Call Number	0	0	0	0	0	0	0	0	2020-04-30T00:00:00Z	CG	""	""	""	""	""
contra_costa,_marin,_san_francisco,_solano_county	Medical	1	Planned Parenthood				CA	0			1(800) 230-7526		""	""	https://www.plannedparenthood.org/planned-parenthood-northern-california	Open	Call Number	Call Number	Call Number	Call Number	Call Number	Call Number	Call Number	0	0	0	0	0	0	0	0	2020-04-30T00:00:00Z	CG	""	""	""	""	""
san_mateo,_santa_cruz,_san_francisco_county	Medical	1	Dignity Health				CA	0				Yes	""	""	https://www.dignityhealth.org/; https://www.dignityhealth.org/coronavirus-disease-2019	Open	Refer to website	Refer to website	Refer to website	Refer to website	Refer to website	Refer to website	Refer to website	0	0	0	0	0	0	0	0	2020-04-30T00:00:00Z	CG	""	""	""	""	""
santa_clara_county	Medical	1	Foothill Community Health Center				CA	0			(408) 729-9700		""	""	https://www.sjffcc.org/	Open	Call Number	Call Number	Call Number	Call Number	Call Number	Call Number	Call Number	0	0	0	0	0	0	0	0	2020-04-30T00:00:00Z	CG	""	""	""	""	""
santa_clara_county	Medical	1	Asian Americans for Community Involvement		2400 Moorpark Avenue, Suite 300, San Jose, CA 95128	Suite 300, San Jose	CA	0			(408) 975-2730	Yes	""	""	https://aaci.org/	Open	Monday - Wednesday, 8:30 am - 12:30 pm and 1:30 - 5:30 pm, Thursday, 8:30 am - 7 pm, Friday, 8:30 am - 12:30 pm and 1:30 - 5:30 pm	Monday - Wednesday, 8:30 am - 12:30 pm and 1:30 - 5:30 pm, Thursday, 8:30 am - 7 pm, Friday, 8:30 am - 12:30 pm and 1:30 - 5:30 pm	Monday - Wednesday, 8:30 am - 12:30 pm and 1:30 - 5:30 pm, Thursday, 8:30 am - 7 pm, Friday, 8:30 am - 12:30 pm and 1:30 - 5:30 pm	Monday - Wednesday, 8:30 am - 12:30 pm and 1:30 - 5:30 pm, Thursday, 8:30 am - 7 pm, Friday, 8:30 am - 12:30 pm and 1:30 - 5:30 pm	Monday - Wednesday, 8:30 am - 12:30 pm and 1:30 - 5:30 pm, Thursday, 8:30 am - 7 pm, Friday, 8:30 am - 12:30 pm and 1:30 - 5:30 pm	Monday - Wednesday, 8:30 am - 12:30 pm and 1:30 - 5:30 pm, Thursday, 8:30 am - 7 pm, Friday, 8:30 am - 12:30 pm and 1:30 - 5:30 pm	Monday - Wednesday, 8:30 am - 12:30 pm and 1:30 - 5:30 pm, Thursday, 8:30 am - 7 pm, Friday, 8:30 am - 12:30 pm and 1:30 - 5:30 pm	0	0	0	0	0	0	0	0			""	""	""	""	""
santa_clara_county	Medical	1	Indian Health Center				CA	0			(408) 445-3400		""	""	https://www.indianhealthcenter.org/		Monday - Friday, 8:00 am - 5:00 pm	Monday - Friday, 8:00 am - 5:00 pm	Monday - Friday, 8:00 am - 5:00 pm	Monday - Friday, 8:00 am - 5:00 pm	Monday - Friday, 8:00 am - 5:00 pm	Monday - Friday, 8:00 am - 5:00 pm	Monday - Friday, 8:00 am - 5:00 pm	0	0	0	0	0	0	0	0	2020-04-26T00:00:00Z	CZ	""	""	""	""	""
santa_clara_county	Medical	1	School Health Clinics				CA	0			(408) 284-2280		""	""	http://www.schoolhealthclinics.org/		0	0	0	0	0	0	0	0	0	0	0	0	0	0	0			""	""	""	""	""
santa_clara_county	Medical	1	Ravenswood Family Health Center		Call in Advance (Phone and Video Appointments), 1885 Bay Road East Palo Alto, CA 94303 (Call in Advance; Urgent Appointments Only)	1885 Bay Road East Palo Alto	CA	0			(650) 330-7400		""	""	https://ravenswoodfhc.org/		Monday, Wednesday, Thursday, Friday, 8:00 am - 5:00 pm, Tuesday, 9:30 am - 5:00 pm	Monday, Wednesday, Thursday, Friday, 8:00 am - 5:00 pm, Tuesday, 9:30 am - 5:00 pm	Monday, Wednesday, Thursday, Friday, 8:00 am - 5:00 pm, Tuesday, 9:30 am - 5:00 pm	Monday, Wednesday, Thursday, Friday, 8:00 am - 5:00 pm, Tuesday, 9:30 am - 5:00 pm	Monday, Wednesday, Thursday, Friday, 8:00 am - 5:00 pm, Tuesday, 9:30 am - 5:00 pm	Monday, Wednesday, Thursday, Friday, 8:00 am - 5:00 pm, Tuesday, 9:30 am - 5:00 pm	Monday, Wednesday, Thursday, Friday, 8:00 am - 5:00 pm, Tuesday, 9:30 am - 5:00 pm	0	0	0	0	0	0	0	0	2020-04-26T00:00:00Z	CZ	""	""	""	""	""
santa_clara,_san_mateo_county	Medical	1	Mayview Community Health Center				CA	0			(650) 327-8717		""	""	https://www.mayview.org/		0	0	0	0	0	0	0	0	0	0	0	0	0	0	0			""	""	""	""	""
santa_clara_county	Medical	1	Gardner Health Services				CA	0			(408) 457-7100		""	""	https://gardnerhealthservices.org/		Call Number	Call Number	Call Number	Call Number	Call Number	Call Number	Call Number	0	0	0	0	0	0	0	0			""	""	""	""	""
san_francisco,_san_mateo,_santa_clara_county	Medical	1	North East Medical Services				CA	0			(415) 391-9686		""	""	https://www.nems.org/		Call Number	Call Number	Call Number	Call Number	Call Number	Call Number	Call Number	0	0	0	0	0	0	0	0			""	""	""	""	""
san_francisco_county	Medical	1	San Francisco Free Clinic		4900 California St, San Francisco, CA 94118 (Call in Advance)	San Francisco	CA	0			(415) 750-9894		""	""	https://sffc.org/		Monday through Friday, 10 am - 4:30 pm	Monday through Friday, 10 am - 4:30 pm	Monday through Friday, 10 am - 4:30 pm	Monday through Friday, 10 am - 4:30 pm	Monday through Friday, 10 am - 4:30 pm	Monday through Friday, 10 am - 4:30 pm	Monday through Friday, 10 am - 4:30 pm	0	0	0	0	0	0	0	0	2020-04-26T00:00:00Z	CZ	""	""	""	""	""
san_francisco_county	Medical	1	Mission Neighborhood Health Center				CA	0			(415) 552-3870		""	""	http://www.mnhc.org/		Call Number	Call Number	Call Number	Call Number	Call Number	Call Number	Call Number	0	0	0	0	0	0	0	0			""	""	""	""	""
san_francisco_county	Medical	1	Lyon Martin Health Services		1735 Mission St, San Francisco, CA 94103 (Call in advance)	San Francisco	CA	0			(415) 565-7667		""	""	https://www.healthright360.org/agency/lyon-martin-health-services		Monday, Tuesday, Thursday, Friday, 8:30am-12pm and 1pm-5pm. Wednesday, 10:30am-2pm and 3pm-7pm.	Monday, Tuesday, Thursday, Friday, 8:30am-12pm and 1pm-5pm. Wednesday, 10:30am-2pm and 3pm-7pm.	Monday, Tuesday, Thursday, Friday, 8:30am-12pm and 1pm-5pm. Wednesday, 10:30am-2pm and 3pm-7pm.	Monday, Tuesday, Thursday, Friday, 8:30am-12pm and 1pm-5pm. Wednesday, 10:30am-2pm and 3pm-7pm.	Monday, Tuesday, Thursday, Friday, 8:30am-12pm and 1pm-5pm. Wednesday, 10:30am-2pm and 3pm-7pm.	Monday, Tuesday, Thursday, Friday, 8:30am-12pm and 1pm-5pm. Wednesday, 10:30am-2pm and 3pm-7pm.	Monday, Tuesday, Thursday, Friday, 8:30am-12pm and 1pm-5pm. Wednesday, 10:30am-2pm and 3pm-7pm.	0	0	0	0	0	0	0	0	2020-04-26T00:00:00Z	CZ	""	""	""	""	""
san_francisco_county	Medical	1	San Francisco Community Health Center				CA	0			(415) 292-3400		""	""	https://sfcommunityhealth.org/		Call Number	Call Number	Call Number	Call Number	Call Number	Call Number	Call Number	0	0	0	0	0	0	0	0			""	""	""	""	""
santa_cruz_county	Medical	1	Santa Cruz Community Health Centers - East Cliff Family Health Center		21507 East Cliff Drive, Santa Cruz, CA 95062 (call in advance)	Santa Cruz	CA	0			(831) 427-3500		""	""	https://www.schealthcenters.org/services/east-cliff-family-health-center/		Monday through Thursday, 8am-8pm. Friday 8am-5pm. Saturday 8am-1pm.	Monday through Thursday, 8am-8pm. Friday 8am-5pm. Saturday 8am-1pm.	Monday through Thursday, 8am-8pm. Friday 8am-5pm. Saturday 8am-1pm.	Monday through Thursday, 8am-8pm. Friday 8am-5pm. Saturday 8am-1pm.	Monday through Thursday, 8am-8pm. Friday 8am-5pm. Saturday 8am-1pm.	Monday through Thursday, 8am-8pm. Friday 8am-5pm. Saturday 8am-1pm.	Monday through Thursday, 8am-8pm. Friday 8am-5pm. Saturday 8am-1pm.	0	0	0	0	0	0	0	0			""	""	""	""	""
santa_cruz_county	Medical	1	Santa Cruz Community Health Centers - Santa Cruz Women's Health Center		250 Locust St, Santa Cruz, CA 95060 (call in advance)	Santa Cruz	CA	0			(831) 427-3500		""	""	https://www.schealthcenters.org/services/santa-cruz-womens-health-center/		Monday through Thursday, 8am-8pm. Friday 8am-5pm.	Monday through Thursday, 8am-8pm. Friday 8am-5pm.	Monday through Thursday, 8am-8pm. Friday 8am-5pm.	Monday through Thursday, 8am-8pm. Friday 8am-5pm.	Monday through Thursday, 8am-8pm. Friday 8am-5pm.	Monday through Thursday, 8am-8pm. Friday 8am-5pm.	Monday through Thursday, 8am-8pm. Friday 8am-5pm.	0	0	0	0	0	0	0	0			""	""	""	""	""
santa_cruz_county	Medical	1	Salud Para La Gente		204 East Beach St, Watsonville, CA 95076 (Call in advance)	Watsonville	CA	0			(831) 728-0222		""	""	https://splg.org/		Monday through Thursday, 8am-7pm. Friday and Saturday, 8am-5pm. Sunday, 8:30-12:30pm	Monday through Thursday, 8am-7pm. Friday and Saturday, 8am-5pm. Sunday, 8:30-12:30pm	Monday through Thursday, 8am-7pm. Friday and Saturday, 8am-5pm. Sunday, 8:30-12:30pm	Monday through Thursday, 8am-7pm. Friday and Saturday, 8am-5pm. Sunday, 8:30-12:30pm	Monday through Thursday, 8am-7pm. Friday and Saturday, 8am-5pm. Sunday, 8:30-12:30pm	Monday through Thursday, 8am-7pm. Friday and Saturday, 8am-5pm. Sunday, 8:30-12:30pm	Monday through Thursday, 8am-7pm. Friday and Saturday, 8am-5pm. Sunday, 8:30-12:30pm	0	0	0	0	0	0	0	0			""	""	""	""	""
santa_cruz_county	Medical	1	Clinicia del Valle del Pajaro		45 Nielson St, Watsonville, CA 95076 (Call in advance)	Watsonville	CA	0			(831) 728-0222		""	""	https://splg.org/		Monday through Thursday, 8am-7pm. Friday 8am-5pm.	Monday through Thursday, 8am-7pm. Friday 8am-5pm.	Monday through Thursday, 8am-7pm. Friday 8am-5pm.	Monday through Thursday, 8am-7pm. Friday 8am-5pm.	Monday through Thursday, 8am-7pm. Friday 8am-5pm.	Monday through Thursday, 8am-7pm. Friday 8am-5pm.	Monday through Thursday, 8am-7pm. Friday 8am-5pm.	0	0	0	0	0	0	0	0			""	""	""	""	""
santa_cruz_county	Medical	1	Salud at 65 Nielson		65 Nielson St, Ste 101, Watsonville, CA 95076 (Call in advance)	Ste 101, Watsonville	CA	0			(831) 728-0222		""	""	https://splg.org/		Tuesday through Friday, 8:30am-5:30pm	Tuesday through Friday, 8:30am-5:30pm	Tuesday through Friday, 8:30am-5:30pm	Tuesday through Friday, 8:30am-5:30pm	Tuesday through Friday, 8:30am-5:30pm	Tuesday through Friday, 8:30am-5:30pm	Tuesday through Friday, 8:30am-5:30pm	0	0	0	0	0	0	0	0			""	""	""	""	""
santa_cruz_county	Medical	1	Salud at 208 Green Valley		208 Green Valley Rd, Freedom, CA 95019 (Call in advance)	Freedom	CA	0			(831) 728-0222		""	""	https://splg.org/		Monday through Thursday, 8:15am-5:15pm	Monday through Thursday, 8:15am-5:15pm	Monday through Thursday, 8:15am-5:15pm	Monday through Thursday, 8:15am-5:15pm	Monday through Thursday, 8:15am-5:15pm	Monday through Thursday, 8:15am-5:15pm	Monday through Thursday, 8:15am-5:15pm	0	0	0	0	0	0	0	0			""	""	""	""	""
california_county	Mental Health	1	California Peer-Run Warm Line (run by Mental Health Association of San Francisco)		Call Number or Webchat		CA	0			(415) 421-2926		""	""	https://www.mentalhealthsf.org/peer-run-warmline/		Toll free 24-hour warm line (855)-845-7415;  webchat	Toll free 24-hour warm line (855)-845-7415;  webchat	Toll free 24-hour warm line (855)-845-7415;  webchat	Toll free 24-hour warm line (855)-845-7415;  webchat	Toll free 24-hour warm line (855)-845-7415;  webchat	Toll free 24-hour warm line (855)-845-7415;  webchat	Toll free 24-hour warm line (855)-845-7415;  webchat	0	0	0	0	0	0	0	0	2020-04-26T00:00:00Z	CZ	""	""	""	""	""
nationwide_county	Mental Health	1	Coronavirus Online Therapy		Online Form: https://coronavirustherapy.online/		CA	0			1919		""	""	https://coronavirustherapy.online/		0	0	0	0	0	0	0	0	0	0	0	0	0	0	0	2020-04-26T00:00:00Z	CZ	""	""	""	""	""
	Mental Health	1	Physician Support Line				CA	0			(888) 409-0141		""	""	https://www.physiciansupportline.com/		Monday through Sunday, 8am - 12am EST	Monday through Sunday, 8am - 12am EST	Monday through Sunday, 8am - 12am EST	Monday through Sunday, 8am - 12am EST	Monday through Sunday, 8am - 12am EST	Monday through Sunday, 8am - 12am EST	Monday through Sunday, 8am - 12am EST	0	0	0	0	0	0	0	0			""	""	""	""	""
santa_clara_county	Other	1	Valley Transportation Authority				CA	0			(408) 321-2300		""	""	www.vta.org/covid-19		Call Number	Call Number	Call Number	Call Number	Call Number	Call Number	Call Number	0	0	0	0	0	0	0	0			""	""	""	""	""
santa_clara_county	Other	1	First 5				CA	0			(408) 260-3700		""	""	www.first5kids.org		Call Number	Call Number	Call Number	Call Number	Call Number	Call Number	Call Number	0	0	0	0	0	0	0	0			""	""	""	""	""
santa_clara_county	Other	1	Santa Clara County Public Health Department				CA	0			211211211		""	""	www.sccgov.org/sites/phd/ DiseaseInformation/novel-coronavirus/ Pages/home.aspx		24/7	24/7	24/7	24/7	24/7	24/7	24/7	0	0	0	0	0	0	0	0	2020-04-26T00:00:00Z	CZ	""	""	""	""	""
santa_clara_county	Other	1	211.000000				CA	0			211211211		""	""	https://www.sccgov.org/sites/phd/news/Pages/covid-19-call-211.aspx		24/7	24/7	24/7	24/7	24/7	24/7	24/7	0	0	0	0	0	0	0	0			""	""	""	""	""
santa_clara_county	Other	1	City of San Jose				CA	0			(408) 535-3500		""	""	www.sanjoseca.gov/news-stories/news/ emergency-notifications		Call Number	Call Number	Call Number	Call Number	Call Number	Call Number	Call Number	0	0	0	0	0	0	0	0	2020-04-30T00:00:00Z	GF	""	""	""	""	""
santa_clara_county	Other	1	Centers of Disease Control				CA	0			211211211		""	""	www.cdc.gov/coronavirus/2019-nCoV/index. html		Call Number	Call Number	Call Number	Call Number	Call Number	Call Number	Call Number	0	0	0	0	0	0	0	0			""	""	""	""	""
santa_clara_county	Other	1	AlertSCC				CA	0					""	""	www.sccgov.org/sites/oes/alertscc/Pages/ home.aspx		Call Number	Call Number	Call Number	Call Number	Call Number	Call Number	Call Number	0	0	0	0	0	0	0	0			""	""	""	""	""
santa_clara_county	Other	1	County Library System				CA	0			4082(932) 326-3060		""	""	https://sccld.org/		Call Number	Call Number	Call Number	Call Number	Call Number	Call Number	Call Number	0	0	0	0	0	0	0	0			""	""	""	""	""
santa_clara_county	Other	1	Playground Closures				CA	0					""	""	https://www.sanjoseca.gov/news-stories/news/emergency-notifications		Call Number	Call Number	Call Number	Call Number	Call Number	Call Number	Call Number	0	0	0	0	0	0	0	0			""	""	""	""	""
santa_clara_county	Other	1	San Jose Libraries				CA	0					""	""	https://www.sjpl.org		Call Number	Call Number	Call Number	Call Number	Call Number	Call Number	Call Number	0	0	0	0	0	0	0	0			""	""	""	""	""
santa_clara_county	Other	1	State of California				CA	0			(800) 777-0369		""	""	http://www.parks.ca.gov/?page_id=30350		Call Number	Call Number	Call Number	Call Number	Call Number	Call Number	Call Number	0	0	0	0	0	0	0	0			""	""	""	""	""
